store_ID,year,predicted_sales
1114,2014,696119.637522147
262,2014,655757.0946919149
817,2014,591847.6052062586
562,2014,565943.1865167257
817,2015,549686.0338164301
262,2016,512311.61577561
586,2014,512196.67950590653
544,2014,490656.3231617521
756,2015,474357.69883399556
562,2015,473155.3400274032
513,2015,455758.00354928244
262,2015,447940.73196971323
251,2014,441180.73988238524
595,2015,440457.9129358832
842,2014,425102.9725795236
335,2014,400889.65929980116
251,2015,397323.2149866097
383,2014,394284.71395873814
320,2015,379576.7095083839
464,2015,377384.46535169246
698,2015,374877.7834279376
336,2015,370111.82827781135
827,2015,366191.77457127016
1033,2014,364239.8452390622
560,2015,362221.44910018117
523,2014,359687.98278369795
831,2015,356608.0245545254
259,2015,355897.0495033512
1027,2014,349546.7402306858
467,2014,345630.23629770026
444,2014,342997.60326793545
733,2015,339470.80218681344
827,2014,338440.71285702335
733,2014,333453.06785177445
682,2014,333382.05239990365
788,2015,331699.69222209067
546,2015,331445.1301176214
586,2015,330886.9244444119
383,2015,330434.4760164294
682,2015,329229.29716547666
320,2014,328453.34419641295
704,2015,319827.8175271348
1097,2015,318836.13288808224
25,2014,317063.50416874443
698,2014,315996.10347723303
544,2015,311463.30088899215
125,2015,311405.1231853949
467,2015,310208.6856115902
862,2014,309412.48485873616
335,2015,308464.341350537
842,2016,305737.9951910293
963,2014,301337.6273354223
267,2014,300506.26244914887
362,2015,295472.82656331314
388,2014,294952.7139659263
234,2014,293215.7714984729
368,2015,293187.78060734697
207,2015,292812.94917517575
1033,2015,292533.79042167484
799,2014,291391.56668972207
469,2015,291204.5318542978
502,2015,289978.91561910673
84,2014,289605.0606206486
513,2014,289390.3407634675
380,2014,287439.9224415863
195,2015,286368.3908150184
1114,2016,284791.95724215417
914,2014,284487.8760743929
722,2014,284338.7326228237
595,2014,284301.9224250933
672,2015,282525.6352827269
259,2014,282204.6690892396
527,2015,281226.72288983513
983,2014,280872.7855160054
256,2014,280802.3696274896
820,2014,280785.6748229604
546,2014,280660.93455045717
1099,2014,279817.7532600317
256,2015,279710.598924682
211,2014,277289.00033817225
1075,2014,277066.1283295036
788,2014,275418.189068425
974,2014,273989.7489552193
396,2015,272853.96724687365
645,2015,272218.88399772806
69,2014,271383.06523812504
245,2015,271215.31673165306
1114,2015,271132.8218804001
207,2014,270535.27406678215
308,2014,270511.6243155356
304,2015,269903.1516433935
608,2015,268819.2938298602
756,2014,268247.6744114845
787,2014,268207.9275178798
513,2016,267777.0301160381
911,2015,267432.02389603056
560,2014,265055.4769836636
768,2016,264612.7149517861
817,2016,264309.1721894093
640,2015,263871.086880105
769,2015,263475.019244513
842,2015,262252.6340839041
843,2015,261898.15842660138
416,2015,261784.96360313668
533,2015,261535.2989824586
525,2015,260512.81334475678
533,2014,260318.11636534083
259,2016,259761.08846189943
599,2015,259549.0668095177
579,2014,259227.20159055627
523,2015,259126.24712538678
722,2015,258595.77467462324
535,2015,258385.16506341455
1020,2015,257777.7258433647
1018,2015,256737.0172065565
1092,2014,256069.9587058142
615,2014,256067.97834835245
697,2015,255052.70623189915
532,2014,254810.414549217
906,2014,254365.53795149774
125,2014,254363.6718007256
826,2014,254226.51355627595
261,2015,254225.59837313768
753,2015,253924.8511509841
545,2015,253680.08684903503
626,2014,253655.18991311232
80,2015,253506.64156197655
1075,2015,252849.84584179425
1011,2015,252610.5747132887
57,2014,251600.8047002266
344,2015,250721.88680931673
470,2015,250619.1705893302
387,2014,250358.3157082202
431,2015,249619.57489194247
502,2014,249447.62257651007
948,2015,249006.68362497963
668,2015,248977.79402191692
1014,2015,248945.56069359148
726,2015,248582.38367553707
799,2015,247422.98129279618
709,2015,247251.74092554217
593,2015,247110.13865821811
745,2015,247020.09618641998
4,2014,246512.68722853065
388,2015,245600.62254632133
375,2015,245395.03412197792
768,2015,245287.36946840392
672,2014,245249.52808171752
965,2015,245051.72762852669
336,2016,244449.1038863734
528,2015,243957.4673316703
432,2014,243833.72753025693
84,2015,243790.8664844321
318,2014,242902.36074931335
431,2014,242652.14800217486
449,2014,242341.40670817884
1066,2015,241847.08921913168
905,2014,241434.4519943109
310,2015,240668.54525741498
445,2015,240619.88905770346
963,2015,240144.55650717192
469,2014,239279.06357640584
34,2015,239002.94297025085
432,2015,238846.3425657415
545,2014,238728.0700083435
515,2015,238105.57075175477
261,2014,237726.24107137887
95,2014,236902.7145624709
722,2016,236749.06138013006
333,2015,236688.2875685259
42,2015,236673.45634751223
333,2014,236501.4262873941
35,2015,236452.6051771089
484,2014,235455.60620175974
768,2014,234349.59595089898
1026,2014,234030.9587585513
1010,2014,233982.32894995887
20,2014,233856.27008682585
674,2015,233379.5281139702
1020,2014,233211.11292024702
539,2014,232990.10053916977
995,2014,232918.26926152615
1066,2014,231999.88037888388
270,2015,231898.8971327726
1032,2014,231464.9307334193
556,2015,231318.5826451927
151,2015,231112.0324736584
843,2014,231111.73753497118
423,2014,230814.67440283025
730,2015,230723.88499095856
375,2014,230658.14500761125
506,2014,230162.15733705863
877,2014,229916.33499330987
761,2014,229635.716309301
189,2014,229582.36259571766
470,2014,229306.1387952998
985,2015,229293.96489839267
967,2015,229207.53091498924
390,2016,228592.42035625488
709,2014,228574.927418029
77,2014,228565.91504941726
697,2016,228511.66557827816
381,2015,228334.88543021062
971,2015,228187.25922034652
1053,2014,227401.60680318
122,2015,227136.27675181464
252,2015,227120.22436289434
157,2014,226977.29033809341
450,2014,226873.1622177965
921,2014,226682.42122863376
1017,2014,226543.55671107405
247,2014,226283.33002259262
4,2015,226107.5124328065
229,2015,225993.71983743252
70,2015,225685.14436937097
759,2014,225636.48957416025
27,2014,225520.41968562713
178,2014,225158.19725094514
71,2014,225077.344080912
742,2015,224856.62660671
761,2015,224525.4129681756
954,2015,224448.90357616913
831,2014,223966.63338861038
320,2016,223797.01771009213
1073,2015,223146.23337389826
1014,2014,223120.78959320433
979,2015,223043.7495141351
308,2015,222988.1609121183
769,2014,222729.38404129105
335,2016,222502.12844112524
964,2014,222385.6561999603
355,2014,222122.39108850897
444,2015,221744.13757104764
234,2015,220988.09952276116
250,2014,220813.42282080604
807,2014,220668.81047975604
982,2015,220616.0920968315
947,2015,220553.4854620006
739,2014,220198.60778280464
390,2014,220039.40146097122
625,2014,219854.5560018431
1040,2015,219584.49779184707
252,2014,219539.59610051964
527,2014,219091.66315517336
713,2014,218862.16026819695
1112,2015,218731.49740871866
532,2015,218171.05058300582
882,2014,218128.34868008454
1079,2014,217833.56019182334
390,2015,217782.46310825564
487,2015,217602.488227532
707,2014,217566.47422511742
1026,2015,217474.4516718042
693,2014,217182.83132601378
423,2016,216886.9068099061
278,2015,216209.3297749024
779,2014,216201.02735776146
400,2015,215878.1320570671
487,2014,215626.961011681
949,2015,215563.7578200279
691,2015,215461.71282267745
747,2015,215078.9902791373
535,2014,215019.29585163275
1043,2014,214908.94635389777
1113,2015,214800.8168292866
251,2016,214397.3695544343
417,2014,214348.7330513104
298,2014,214198.41557613897
559,2015,213860.38467426333
731,2014,213595.78989028648
608,2014,212945.1785029609
506,2015,212771.48751349858
370,2014,212709.71624336674
740,2015,212641.3755774355
107,2015,212516.66722349313
368,2014,212030.45740703554
84,2016,212003.1637249585
64,2014,211995.3347073637
1021,2015,211849.98080518874
216,2014,211691.65362440763
47,2015,211619.50830226752
430,2014,211560.5693334177
676,2015,211525.22351616118
241,2014,211319.65032921985
448,2015,211256.33447722014
355,2015,211218.2064915573
891,2015,211153.0233206358
423,2015,210911.86218261643
999,2015,210765.3328030501
95,2015,210729.69553478077
668,2014,210300.73760308378
808,2015,209989.8149879821
944,2015,209954.94933886387
729,2014,209805.39880132847
24,2015,209700.37523659272
524,2014,209587.51264673664
490,2014,209456.95372249492
826,2015,209428.1075240361
384,2015,209338.90356455446
846,2014,209304.43664593206
1059,2014,208581.27036667385
267,2015,208425.25251076964
526,2015,208416.07174721424
421,2014,208352.78064653015
80,2014,208253.96045179592
1089,2015,208161.96589566293
1093,2015,208108.14295012446
150,2014,208060.51464780697
1093,2014,208039.26738777308
358,2014,207963.1901434806
147,2014,207531.62758080236
161,2015,207421.7800617588
470,2016,207084.69523093718
872,2015,206965.19623773792
453,2015,206723.30636625004
1080,2014,206616.54279190445
755,2014,206495.39469601805
287,2014,206426.45979634076
178,2015,206413.54266220616
180,2015,206252.39092580328
697,2014,206058.00444117433
870,2014,205967.93720818264
615,2015,205945.38910648008
168,2014,205931.729385817
1112,2014,205847.1430614025
246,2015,205777.0991146384
909,2014,205588.94368718108
943,2015,205317.45456537945
674,2014,205296.82202468687
1018,2014,205119.4245008608
914,2015,205059.0083131993
1059,2015,204713.06901181547
90,2015,204671.23317361414
246,2014,204661.5375069357
930,2015,204610.87778480136
327,2014,204512.8040660465
370,2015,204476.06827778445
434,2014,204160.0283418732
482,2015,204122.29898829365
831,2016,203746.60433507498
310,2014,203462.19675440306
400,2014,203362.83987209777
57,2015,203220.30528364028
1085,2014,202967.0865962422
876,2014,202952.62368063215
827,2016,202747.73152873534
238,2014,202546.38830565556
528,2014,202333.2049572548
318,2015,202287.02064480324
790,2014,202213.70322715162
579,2015,202115.38620570747
866,2014,201825.34836893916
1007,2014,201601.55929455874
683,2014,201464.13015698871
106,2016,200869.51038220228
853,2015,200749.31813389508
123,2015,200734.15817482932
895,2015,200538.6516793939
616,2015,200494.4768261547
856,2015,200090.774738274
525,2014,199620.82134582038
951,2015,199511.91447699466
894,2015,199509.7150275874
922,2015,199480.71282621622
578,2014,199450.4877326023
765,2014,199443.41294266473
459,2014,199030.70985403983
718,2015,198782.93424483002
938,2014,198653.66563102484
534,2014,198571.35213568454
643,2015,198498.24426211606
731,2015,198342.45716278048
372,2014,198208.0388805978
154,2015,198149.30025216768
338,2014,198119.7610676856
316,2015,198045.0327226969
157,2015,197987.26962577636
1002,2015,197841.4788024587
458,2015,197748.46994350915
54,2014,197586.52493525532
655,2015,197379.17402663056
392,2015,197350.14889687038
1064,2014,197297.01649567005
769,2016,197224.24215710585
938,2015,197219.34606631132
179,2015,197134.32223840748
36,2014,197082.777858918
497,2014,196652.10967591783
270,2014,196545.96223661356
393,2015,196513.6761045459
214,2014,196417.542032862
354,2014,196334.78031104692
63,2014,196326.21493971974
12,2015,196214.6435666319
319,2014,196193.5432393757
184,2015,196185.77840024757
928,2015,196029.02144944225
67,2015,195671.0689686192
391,2015,195501.72400066053
604,2014,195392.31271121115
964,2015,195236.91642818542
978,2014,195127.05524904418
374,2016,195116.54273810808
179,2014,194877.80478408927
779,2015,194874.830788515
846,2015,194651.1152485936
291,2015,194610.4995667703
640,2014,194403.15109162367
578,2015,194389.7352844575
645,2014,194359.9937577628
101,2015,194012.76348672077
1032,2015,193972.36544176078
235,2015,193884.70502151237
269,2014,193859.6841724283
809,2015,193858.2455817702
464,2016,193835.4723091722
245,2014,193686.5271584519
374,2014,193630.5002265863
195,2014,193586.12878637802
233,2014,193486.13411776847
380,2015,193392.6499523716
1039,2014,193279.41672160628
975,2014,193271.43008739428
713,2015,192962.10930481006
905,2015,192811.71687781488
1039,2015,192804.75429009018
148,2014,192540.39230534728
872,2014,192416.92823990813
676,2014,191918.70535310917
1003,2014,191887.15854975855
849,2015,191807.37310480297
838,2015,191564.1482202472
1091,2014,191315.2863775527
1087,2015,190937.20169465922
1005,2015,190855.86447577912
412,2014,190762.65295865908
643,2014,190678.47825309704
624,2015,190575.91909347055
891,2014,190484.26335021216
906,2015,190456.8499335115
587,2014,190389.5282310679
321,2014,190079.20367486446
416,2014,189890.4761729377
71,2015,189769.63947769388
913,2015,189471.87396309126
821,2015,189421.13687058812
25,2016,189338.95712224598
665,2015,189301.25364033482
1099,2015,189193.4546877789
357,2015,189131.16768842685
344,2014,189079.52160908922
1084,2015,188933.08894385587
1055,2015,188849.518528195
68,2015,188704.28778370173
296,2015,188566.3648327095
1022,2015,188529.83899531487
1061,2015,188515.78867724453
574,2015,188465.2252287078
605,2014,188412.95515491767
313,2015,188383.22542265704
829,2014,188163.04824763985
814,2014,188022.96759922508
909,2015,187897.2532055987
580,2014,187824.15317010455
7,2015,187618.43249910895
448,2014,187483.98858960174
682,2016,187350.82435855496
1011,2014,187301.30157369637
807,2015,187273.0951681747
1082,2014,187246.57653420727
572,2015,187242.1142725426
943,2014,187153.51468004016
894,2014,186868.3651795974
673,2014,186859.65778393662
343,2015,186772.9179081058
492,2014,186705.81627510858
453,2014,186609.71715623257
493,2014,186572.5386108788
401,2014,186273.05321198824
336,2014,186113.9809333202
796,2014,186079.9335379891
967,2014,186014.24656494785
126,2014,185701.5277489018
947,2014,185470.00129223068
814,2015,185420.1894486088
18,2015,185401.5325328787
228,2014,185261.19765148236
536,2014,185197.43685476365
857,2015,185168.9384353806
346,2014,184740.3844417636
1064,2015,184733.30363989793
123,2014,184663.06646284604
709,2016,184571.84383091104
863,2014,184536.79321514542
64,2016,184477.3004595518
781,2014,184354.94507804324
29,2015,184340.17905709494
102,2014,184325.97805612965
349,2015,184052.82459583317
1106,2015,184017.39537108914
999,2016,183912.1764734566
300,2015,183808.04083675542
67,2014,183692.05026103408
269,2015,183364.793253284
788,2016,183263.31418720254
449,2015,183257.59207272448
33,2014,183180.79152794616
755,2015,183172.72627413963
350,2014,183127.24410110156
798,2015,183089.65851475496
798,2014,182997.13011164326
238,2015,182958.93048305015
168,2015,182950.7806862251
600,2014,182910.72472477786
907,2015,182825.1634016931
1040,2014,182748.92088454313
895,2014,182712.81891562184
403,2014,182632.41438474183
28,2015,182585.62075397663
54,2015,182577.98805567427
338,2015,182563.08531681268
694,2014,182535.30254630416
119,2015,182486.49323580333
653,2014,182397.55720187313
496,2015,182388.03293844676
25,2015,182349.25389201991
965,2014,182308.03760052272
16,2014,182249.99205078732
971,2014,182168.3291953246
372,2015,182037.0191719364
1000,2014,182006.5783363189
1108,2014,181564.022280255
465,2014,181528.63307723706
912,2014,181513.74276247888
679,2015,181401.14658169175
562,2016,181378.1003722155
354,2015,181336.91829877233
42,2014,181304.37822415156
82,2014,181175.58044022
74,2015,181114.08282053232
271,2014,181094.2951876124
962,2015,180982.33400000317
862,2015,180933.75327127802
654,2015,180866.34465882747
76,2014,180862.43689598193
612,2014,180774.42498850537
995,2015,180612.0731128599
580,2015,180548.953742666
848,2015,180355.09809394728
446,2014,180305.93582312457
961,2015,180158.39094963207
81,2014,180144.3189799339
133,2014,179795.51152922696
1107,2014,179693.3048964099
11,2014,179514.53538138093
588,2014,179460.814661751
819,2015,179426.84089364114
415,2014,179358.99020741266
985,2014,179299.73906800625
366,2015,179134.7128365926
389,2014,179116.00983242603
820,2016,179051.5117901088
323,2014,178933.33586120064
1046,2014,178757.4003219791
299,2015,178745.02535110753
876,2015,178624.95099217165
565,2015,178588.8056303718
497,2015,178493.1874371658
52,2014,178387.95150646876
880,2014,178335.16755320772
968,2014,178305.72273159298
1050,2015,178296.78596590072
667,2014,177930.7898477619
200,2015,177810.69457120867
637,2014,177736.49526986186
978,2015,177731.9908918641
620,2014,177677.09218077437
840,2015,177607.76373302672
863,2015,177392.98423544574
141,2015,177340.08511737577
651,2014,177133.9328479482
553,2015,177013.96430510934
546,2016,176902.99723973422
250,2015,176878.3179279232
944,2014,176729.40867315658
1091,2015,176708.86683139834
689,2014,176688.27446886015
847,2014,176671.8180735999
784,2015,176640.73204062151
993,2014,176477.1620978201
171,2016,176449.5404958583
621,2015,176403.3310674872
676,2016,176356.13627904694
1010,2015,176326.28189231
529,2015,176307.5716433789
865,2014,176198.557974365
180,2014,176149.80563367545
544,2016,176107.80867687485
1034,2015,176102.2513763716
796,2015,175983.7858510213
901,2014,175807.51353111246
411,2014,175585.14624172606
599,2014,175415.3982502521
1057,2014,175366.16169271516
1059,2016,175159.68054323556
386,2014,174826.33422911394
644,2014,174784.75152377688
40,2014,174447.29856802357
565,2014,174212.07704964196
154,2014,174143.6242502755
18,2014,174061.89016294506
1097,2016,173920.61543855703
1007,2015,173919.9230688128
118,2015,173872.21673573836
331,2015,173837.56083870443
85,2014,173796.5990159412
293,2015,173775.5231355404
999,2014,173438.46220376022
479,2016,173381.57822056522
921,2015,173264.2941229234
352,2015,173174.24481701583
712,2014,173100.78959596227
903,2014,173083.46862590578
359,2015,173004.01437857508
436,2014,172915.98794236284
886,2015,172908.5696082213
7,2014,172801.09089718421
297,2015,172606.60257066874
529,2014,172449.61575495318
1062,2015,172444.35271289243
69,2015,172438.40758171023
1086,2015,172351.24009028866
147,2015,172309.9239188483
882,2015,172297.39284938062
1097,2014,172163.29049292003
770,2014,172006.14630995807
479,2014,172004.0270839628
552,2015,171983.30970241496
248,2015,171903.15748319906
981,2014,171844.17293933866
632,2015,171664.77014732937
230,2016,171556.2968397364
323,2015,171483.64451946694
974,2015,171469.2797030991
1022,2014,171464.23798659435
730,2014,171463.46643287217
892,2014,171421.32844204642
357,2014,171234.08497350418
866,2015,171187.83158432433
1023,2015,171166.43745444005
578,2016,171113.88373276847
1058,2014,171064.67826737463
1045,2014,171039.3621024727
819,2014,170970.37842113464
849,2014,170838.0591799598
898,2014,170828.9154241222
927,2014,170742.522133437
113,2014,170714.35099844195
785,2015,170698.48705520004
559,2014,170694.67384528337
494,2015,170691.7718558662
362,2014,170540.16185149906
480,2015,170344.7917006694
158,2015,170315.2338360211
552,2014,170303.23635653176
421,2015,170290.8775508979
493,2015,170150.60083310763
349,2016,170101.519925339
721,2014,170060.648642522
411,2015,170048.56423967477
962,2014,170024.0580605152
973,2015,169998.76721622175
60,2015,169889.09109430356
455,2015,169348.50814621366
896,2015,169336.04512998866
248,2014,169302.10285567996
784,2014,169004.767123318
424,2015,168972.4386960946
424,2016,168942.32924890134
469,2016,168821.9830491218
868,2015,168809.25530849738
360,2014,168767.8451236262
472,2014,168730.9509954598
230,2014,168646.98008139583
64,2015,168559.51295662095
104,2014,168492.28186116836
125,2016,168206.63130346304
917,2015,168148.57374011926
15,2015,168135.63729114088
1019,2016,167786.1075872026
982,2014,167703.67939171323
466,2015,167644.03823345128
504,2014,167635.2155891316
161,2014,167599.45678985887
394,2015,167597.87501260114
616,2014,167347.71642988684
35,2016,167340.8631486675
638,2014,167029.87267492298
859,2014,167023.46237784481
509,2014,167004.59853023154
545,2016,166966.10232005798
189,2015,166812.92247473035
445,2014,166775.837683907
754,2014,166755.31906961367
1005,2014,166630.17281870064
340,2015,166549.23683219586
247,2015,166357.7483216896
614,2014,166293.14061817335
878,2015,166291.70725842874
415,2015,166210.7918718374
645,2016,166061.31435079966
77,2015,165993.68870616824
228,2015,165981.82219038962
190,2014,165939.4996453043
787,2015,165899.62675830128
104,2015,165689.60084523974
829,2015,165671.2594379941
1082,2015,165659.81419152606
1079,2015,165596.38396672293
809,2016,165498.29974307524
233,2015,165246.42612249329
1046,2015,165063.25975241885
230,2015,165034.80370932605
236,2015,164944.64920981525
832,2015,164882.73771034807
726,2016,164803.0521034947
1101,2015,164729.9599806305
455,2014,164679.94779242942
43,2015,164677.23920286383
662,2014,164368.42657110927
1101,2014,164341.75438364357
108,2016,164244.83334678764
698,2016,164210.2532722205
382,2015,164203.41774615174
696,2014,164202.25499512907
223,2015,163970.44151532126
272,2015,163930.59507929234
137,2014,163907.17901962512
363,2015,163881.4164396951
491,2015,163814.58838814724
319,2015,163773.3411645575
474,2015,163575.59055629798
618,2015,163275.15111934202
934,2015,163274.57282794284
325,2015,163265.19103058302
283,2014,163097.88018574606
433,2015,162919.41117798048
358,2015,162743.95839369646
224,2014,162722.33899380415
847,2015,162707.91775238246
613,2014,162625.172673356
721,2015,162598.39306981085
560,2016,162454.42232035473
427,2014,162441.10190116928
865,2015,162366.869068392
767,2014,162329.7146180407
163,2014,162294.88293312537
321,2015,162279.52195895885
1055,2014,162278.07308998264
1024,2015,162226.3383673945
49,2015,162162.8633203826
745,2014,162133.31698170115
182,2015,162127.20165184472
1100,2014,162020.99694425188
626,2016,161955.65896957187
49,2014,161886.37496243522
213,2014,161882.45313495593
162,2014,161842.93154503228
792,2014,161765.49946588726
661,2015,161752.37604123875
403,2015,161642.42884491867
832,2014,161557.4892847538
888,2014,161452.3321222285
120,2015,161439.46460072076
361,2015,161288.6887248438
572,2014,161207.15444607075
996,2015,161201.2579178825
107,2014,161157.73926484075
144,2014,161110.51378723953
169,2014,161088.09506025445
726,2014,161001.430967752
115,2014,160742.67469419102
1086,2014,160728.73277707864
885,2015,160684.7890247685
603,2016,160681.37164185115
273,2014,160614.14086383785
963,2016,160569.2515968241
836,2015,160519.47323049238
138,2015,160460.5524603662
57,2016,160444.93855000744
913,2014,160398.1621704896
523,2016,160262.1507022351
848,2014,160248.15542645674
539,2016,160208.20473576704
1037,2015,160201.0487989596
901,2015,160154.32556592245
387,2015,160121.5519526106
748,2014,160057.44700347653
439,2015,159947.36418723743
82,2015,159853.26724483137
366,2014,159602.04265778628
732,2015,159574.61878849627
492,2016,159551.5007759932
247,2016,159473.5110580331
704,2014,159449.5783133417
1031,2015,159288.4475884122
854,2014,159229.96777528734
279,2014,159189.87404253852
479,2015,159038.01262983598
928,2014,159010.4586329375
113,2015,158981.6073657855
632,2014,158791.26172372868
692,2014,158749.18328185176
402,2015,158740.0504084124
657,2015,158732.78015838898
97,2015,158730.86968101532
593,2014,158650.39798969365
964,2016,158632.732617992
1062,2014,158547.52833018286
753,2014,158357.7583644682
342,2014,158331.2355355292
184,2014,158320.41733395055
629,2014,158213.59767116982
456,2014,158179.3269981122
464,2014,158149.25772435256
211,2015,158094.07612617305
56,2015,158090.797124851
253,2015,157960.98112261164
192,2014,157947.69059230114
627,2015,157828.86348950292
333,2016,157580.78890811783
661,2014,157551.8549171304
896,2014,157533.83643194378
162,2015,157523.43476336027
1113,2014,157396.7783906704
173,2015,157258.469511418
1081,2015,157249.73224027624
657,2014,157208.7516068078
526,2016,157198.58670559034
1050,2014,157177.86800143926
349,2014,157135.3948474053
300,2014,157065.5790157305
185,2014,157063.51847415176
522,2014,157049.82565308706
434,2016,157002.48489837907
450,2015,156958.33676908442
106,2014,156886.3897988611
260,2015,156855.9879414449
737,2015,156816.94218471996
747,2014,156761.03830920288
273,2015,156752.9168054488
62,2014,156732.6437214334
146,2014,156572.22823028645
310,2016,156201.41067254418
368,2016,155827.5633297131
303,2014,155806.93305749138
51,2014,155724.19323985415
456,2015,155569.12582309032
775,2014,155430.67563404632
679,2016,155409.86714333927
980,2014,155382.70663659647
738,2015,155357.71288701962
652,2015,155280.41224328295
493,2016,155105.28495566684
996,2014,154986.9957177392
935,2014,154917.47637020424
169,2015,154862.13586611277
857,2014,154823.88483760305
483,2015,154755.66796006847
838,2014,154712.31795558828
6,2014,154619.5419495947
522,2016,154585.02499946003
655,2014,154550.20133169822
277,2014,154525.43605727406
396,2014,154476.9126380598
471,2014,154476.5032631135
959,2015,154433.80018094418
116,2015,154341.01028814653
685,2014,154316.36723095024
1019,2014,154197.4896356588
410,2015,154000.4759454482
264,2014,153893.22204398608
371,2014,153891.6259240351
88,2015,153755.95503454108
187,2014,153721.6946493441
199,2014,153677.39841971357
585,2015,153671.60827813408
38,2014,153542.64831352583
1075,2016,153472.33195490934
733,2016,153451.95930822665
60,2014,153392.50303241
413,2014,153318.91787982348
706,2014,153032.21467479083
603,2014,153015.6886973688
167,2015,152959.9706975837
304,2014,152906.39708400203
824,2015,152843.40754341293
466,2014,152590.51477770496
678,2014,152349.78042600295
106,2015,152313.25442638932
880,2015,152275.36182998272
1051,2015,152217.3757207951
871,2015,152171.33787579607
699,2015,152040.8655564774
150,2015,152010.43656446834
746,2015,151892.61561414995
822,2015,151722.68062416837
922,2014,151719.40213427946
87,2015,151699.34545311998
384,2014,151591.85511705172
1052,2014,151582.49349240778
461,2015,151494.10206405455
110,2015,151303.7890335326
728,2015,151187.51247568923
1033,2016,150939.855682693
452,2014,150896.75943082786
21,2015,150886.57188232918
787,2016,150753.94572633246
667,2015,150724.98724044
850,2015,150721.4847815194
1025,2014,150466.27714986727
140,2014,150444.09458889466
374,2015,150428.22281119748
156,2014,150381.833305437
687,2015,150336.56577415235
342,2015,150325.03285819193
441,2014,150192.6424352068
131,2014,150159.11924630182
620,2016,150136.0564209178
536,2015,150126.36697749092
684,2014,150030.82333849272
288,2014,150011.51462095458
903,2015,149965.79901206653
748,2015,149944.34171813316
199,2016,149916.17671456517
239,2015,149913.43372913633
34,2014,149585.36856466948
586,2016,149571.79406344576
424,2014,149476.63712641154
458,2014,149451.00722433015
47,2014,149437.81797565494
94,2015,149427.3843929204
167,2014,149400.13960555042
11,2015,149377.42230732736
683,2015,149363.67301868854
1072,2015,149299.46959472506
925,2014,149176.99929061532
340,2014,149150.40431382632
290,2015,149124.62003760805
119,2014,149116.47707577882
1045,2015,149112.34023144562
932,2014,149108.50749797246
641,2015,149093.26790314887
1089,2014,149081.8980406343
1048,2015,149068.2750067504
907,2014,149057.02722401952
86,2015,148936.11504886573
890,2014,148931.60462821065
20,2016,148814.34167442468
507,2014,148786.5175151852
670,2014,148748.84095428762
783,2015,148743.02828473502
992,2014,148666.7431425384
909,2016,148525.7273906143
212,2014,148511.1235410304
392,2014,148477.9964761051
303,2015,148447.3151624077
603,2015,148412.67811944592
1070,2015,148179.74067997068
265,2015,148106.0235174654
723,2015,148082.52372795303
439,2014,148023.2158551433
344,2016,148014.83813847537
23,2015,147727.98938503733
178,2016,147642.29949607915
925,2015,147583.77951366277
856,2014,147556.99329378078
120,2014,147470.07808559478
191,2014,147469.70778022325
729,2015,147437.28894917364
531,2015,147432.5436858167
666,2015,147383.3237359971
530,2015,147375.69479157083
12,2014,147362.84173783765
527,2016,147316.23622464624
128,2014,147309.27237487168
16,2015,147300.85862793127
634,2015,147223.40751361556
376,2014,147186.35867978772
236,2014,147120.4840696222
968,2015,146985.1218302609
662,2015,146960.4495537635
923,2015,146809.88153187875
981,2015,146800.0148936241
203,2015,146754.63041148803
933,2014,146693.9029745507
369,2014,146647.64694776517
738,2014,146548.3760438095
90,2016,146542.13085794137
1043,2015,146464.54631479754
804,2014,146459.99515806156
976,2015,146319.8010127648
343,2014,146239.78553325412
24,2014,146141.4579963058
691,2014,146080.78852828935
542,2014,146006.3968494778
388,2016,145994.40437498016
705,2015,145972.00503835172
756,2016,145952.04100449852
592,2014,145927.44841143535
677,2014,145850.37068865885
888,2015,145684.9406824842
799,2016,145646.6396628421
975,2015,145410.75750669415
561,2014,145392.7586165197
997,2014,145357.56471470726
475,2016,145338.19331938363
358,2016,145336.40101073985
482,2016,145330.4634181365
812,2015,145287.18473852193
291,2014,145168.98813291662
337,2015,145108.28577460442
742,2014,145061.03974460566
778,2014,145035.38308437416
648,2014,145001.81987896888
942,2015,144756.94234351857
196,2015,144685.9559963877
241,2015,144642.85748137342
129,2014,144517.78737460094
537,2015,144507.48271853107
652,2014,144481.455178297
476,2015,144445.30610832147
376,2016,144275.91467561107
440,2015,144267.6269894448
146,2015,144263.3108022738
121,2015,144256.40242646838
17,2015,144223.00937340743
159,2016,144126.37886448685
472,2015,144114.07920400644
410,2014,144063.70625209555
715,2014,144006.59826080312
934,2014,143983.5373172515
293,2014,143939.54433449748
478,2014,143912.96485992463
826,2016,143905.6773000639
238,2016,143851.26867453716
1051,2014,143723.55645733915
316,2014,143663.64995983336
289,2015,143657.39288184996
414,2014,143645.08807500522
1021,2014,143624.63923028542
582,2015,143611.27009540732
502,2016,143589.9410283508
419,2014,143589.86001748487
686,2014,143568.35428697488
260,2014,143444.86923883666
662,2016,143400.94774998885
986,2015,143391.8637977912
1053,2015,143333.81576250048
971,2016,143227.93611973955
791,2015,143153.0340339265
214,2015,143132.19950723991
621,2014,143055.58817863645
515,2014,143041.89323602614
647,2015,143032.8457132579
463,2015,143032.10970382986
587,2015,142945.71307076272
226,2015,142827.41020234107
647,2014,142781.23053611405
812,2014,142778.16416274203
71,2016,142715.9292628273
1049,2014,142709.5046086375
1058,2015,142699.89151018148
359,2014,142694.20012082564
918,2014,142636.65141767752
715,2015,142585.5735183923
869,2015,142534.75098072438
497,2016,142532.095346716
1057,2015,142514.49779690427
614,2015,142375.31851237954
347,2015,142281.66653160207
821,2014,142279.27239813108
683,2016,142238.4984861809
348,2014,142192.80704740586
102,2015,142131.22442592503
428,2014,142106.6054874529
818,2014,142078.02064285742
704,2016,142070.05910029542
371,2015,142024.4304680923
378,2015,141976.9677679472
809,2014,141937.00364858995
145,2016,141711.26064437034
429,2014,141529.8790624256
635,2015,141519.2133673699
792,2015,141502.45811178887
112,2015,141461.47637668895
507,2015,141432.6060125525
365,2014,141421.94758834344
732,2014,141344.81424431276
394,2014,141306.83005750107
791,2014,141295.6899689011
1029,2015,141228.27890831273
801,2015,141152.62905271468
406,2015,141146.20791789243
151,2014,141073.15294583558
741,2014,141049.20994215537
516,2015,140849.03687944717
780,2014,140809.95845205188
305,2015,140806.78613926342
1070,2016,140722.10713345103
936,2014,140693.80230260067
623,2014,140578.11521135498
42,2016,140462.4887106458
496,2014,140395.76153802284
331,2014,140343.3742531885
391,2014,140321.6979912333
834,2015,140304.50054437487
995,2016,140290.47983658165
888,2016,140271.2636342142
595,2016,140224.3898111221
634,2014,140072.55739255546
465,2015,140045.01067429542
376,2015,140024.97025390354
352,2014,139975.8181730961
1092,2015,139909.30467473622
468,2014,139801.49215117635
261,2016,139768.5607346817
143,2015,139746.752359733
22,2014,139741.45073856998
148,2015,139720.11399759972
954,2014,139714.97246458108
696,2015,139698.91115671725
76,2016,139694.085046923
202,2015,139624.6253612601
860,2015,139487.16403064653
818,2015,139457.39865582008
948,2014,139293.2424815733
617,2015,139283.1661768141
512,2014,139235.0670412076
205,2014,139133.91826912315
311,2014,139103.3355977987
59,2015,139045.52961226573
114,2014,139026.04400795238
97,2016,138820.74669723868
521,2015,138818.15297347587
360,2015,138801.6170492569
309,2015,138799.07482916332
68,2014,138797.30718983023
984,2015,138746.33215851386
350,2015,138713.45538253136
108,2014,138693.8094826322
725,2014,138658.9957407313
478,2015,138470.26542051532
937,2015,138435.88420340797
220,2014,138399.68390434398
961,2014,138305.62713033133
734,2015,138287.3746720469
297,2014,138253.0399635545
1006,2014,138238.38128563284
893,2014,138220.83267773638
33,2015,138079.6992954646
600,2015,138062.25341677968
679,2014,138020.31248561153
181,2014,138019.1063908549
741,2015,137911.87702841737
224,2015,137759.4301872879
474,2016,137576.25512867564
830,2014,137574.54117318802
1112,2016,137500.54513703796
327,2015,137491.834887254
749,2015,137371.09818943293
97,2014,137332.67179386297
40,2015,137281.13721492866
74,2016,137265.99859523447
951,2016,137237.77296164722
185,2015,137112.18452614997
123,2016,137045.82292839812
63,2015,137001.4325027925
878,2014,136948.51924968685
393,2014,136900.47041455295
1077,2014,136891.4393920851
561,2015,136857.22995838703
555,2014,136849.98428486683
26,2014,136652.67282839358
139,2014,136611.58922259617
209,2014,136564.55738211927
720,2015,136530.5422166011
484,2015,136518.55345733836
822,2014,136424.0453323104
666,2014,136342.34663968257
966,2015,136326.78993048857
382,2016,136235.43719367374
810,2014,136174.21351729636
887,2015,136138.38793282266
389,2015,136046.3652174872
363,2016,136016.84364415193
588,2015,136014.7085242733
752,2014,135979.08945902475
1054,2014,135957.83068753814
892,2015,135899.64163615144
623,2015,135868.47274237618
1098,2015,135850.49453978444
91,2015,135752.40963404416
840,2014,135678.51824198148
1080,2016,135631.46357221418
526,2014,135607.55202748516
402,2014,135565.54807971345
459,2015,135553.12296734145
990,2015,135545.8125499661
111,2015,135513.74150039407
418,2015,135449.54967827612
1070,2014,135401.9134479043
3,2015,135318.3072566724
813,2015,135300.08849830122
1050,2016,135212.05315883743
271,2015,135134.93444812152
382,2014,135035.5332746231
945,2014,135017.38256554713
235,2014,134925.02801826017
44,2015,134907.05945657953
765,2015,134870.56431243705
345,2014,134807.1280337705
589,2014,134796.17180237363
363,2014,134791.28920038813
287,2016,134769.91830078873
494,2014,134728.58580217682
872,2016,134682.462312673
582,2014,134618.5445293085
1028,2015,134592.72267313287
440,2014,134552.78140880255
658,2014,134524.65936678194
499,2015,134483.26136007314
133,2015,134386.40744328673
482,2014,134350.18129893744
950,2014,134339.64510629288
112,2014,134315.99245764373
278,2014,134251.617482227
290,2014,134211.6764513677
92,2015,134186.22156066904
991,2014,134095.54994991588
326,2015,134023.11779479822
174,2014,134008.8941961798
976,2014,133993.5426216995
773,2014,133980.22759103175
902,2014,133912.10155813117
458,2016,133852.13391762454
158,2014,133845.464380655
887,2014,133831.85320673962
723,2014,133829.8290195136
870,2015,133780.57767958115
707,2015,133779.10782499152
199,2015,133760.0415887724
449,2016,133645.5778246824
680,2015,133573.9725872916
921,2016,133500.5949043976
975,2016,133343.69221787227
209,2015,133325.28079342179
83,2014,133298.3661883224
153,2015,133294.89219543338
579,2016,133207.87286572083
770,2015,133027.1324147199
680,2014,133020.0493862914
222,2015,133010.93853202325
86,2014,132970.4641319885
717,2014,132841.402039093
1027,2016,132820.05070140545
461,2014,132811.87850297734
447,2015,132706.09727237624
534,2016,132671.94671680662
204,2014,132587.190957272
1089,2016,132554.64355197924
13,2014,132551.58023695188
980,2015,132538.0059527096
910,2015,132475.0779923874
268,2015,132461.20862382872
1048,2014,132280.69662811983
1115,2015,132235.6391356653
462,2015,132202.9850409231
385,2014,132192.96326644652
1074,2014,132085.6410360982
421,2016,131826.99868005878
138,2014,131768.72343969953
244,2015,131754.26238986815
939,2015,131693.12282913792
724,2014,131671.98049784958
325,2014,131562.4674161967
1060,2014,131367.4698808139
456,2016,131340.23225967353
31,2014,131299.39518329914
271,2016,131236.34483543463
957,2015,131150.5672838856
718,2014,131134.35742333662
1028,2014,131107.067982591
689,2015,131102.42179527614
409,2015,131097.72915524206
75,2015,131056.8062466387
705,2014,131022.44952666052
118,2014,131015.2295857871
738,2016,130915.40450772198
264,2016,130906.98770660405
991,2015,130902.23088273662
1036,2015,130858.86683342543
989,2016,130725.37860138144
506,2016,130584.6035458569
1073,2016,130514.82425136841
1040,2016,130511.76977091409
90,2014,130469.2094061259
419,2015,130466.52685959649
304,2016,130422.96975829436
451,2015,130366.84746618557
213,2016,130283.55814268393
775,2016,130263.48670954796
898,2015,130229.35312571486
690,2015,130212.1579744489
771,2014,130061.31565057134
535,2016,129968.55066221218
911,2014,129958.34508962835
815,2014,129936.42796513202
437,2015,129788.5046841367
142,2014,129782.36969772825
193,2014,129722.94205684176
414,2015,129675.18093291223
1024,2014,129674.54074834201
853,2014,129664.77394370735
322,2014,129658.17358072296
70,2014,129622.45478089886
190,2016,129615.3922723407
541,2015,129614.72667178167
1023,2014,129613.66220521809
224,2016,129497.04013739053
223,2014,129458.94803572726
152,2014,129303.24134752844
27,2016,129149.59177367641
755,2016,129124.09182898598
183,2014,129096.44629886403
167,2016,129087.3705199927
885,2014,129087.27031214323
859,2016,129059.05846171702
141,2014,128996.7379874724
1021,2016,128973.09216582339
686,2015,128908.3357088265
341,2014,128849.86344527353
510,2015,128755.46077874917
475,2015,128726.44242672739
79,2014,128698.24762425892
446,2015,128689.53509739762
128,2015,128681.63069482404
1096,2014,128664.42419969743
166,2014,128631.8830636827
695,2014,128627.30399909573
1002,2014,128566.49880259075
516,2016,128548.16073888335
94,2014,128459.72956707007
611,2014,128367.12103335584
957,2014,128284.08675177899
802,2014,128278.41200784972
66,2014,128277.35581661183
1115,2014,128273.43800185749
783,2014,128222.83441023825
489,2014,128207.34546741944
671,2014,128149.62297829588
216,2015,128144.07214068469
711,2014,128132.35510293795
346,2015,128012.28847883221
375,2016,128011.6649319348
132,2014,127966.99991213268
109,2014,127926.39467957398
605,2016,127915.84043287915
716,2014,127849.03338711608
400,2016,127841.21878478739
275,2014,127840.5728886794
37,2015,127799.86183382447
355,2016,127776.30957109155
171,2015,127762.16693120138
279,2016,127725.67089782018
175,2015,127674.37415070564
693,2015,127635.1334242302
329,2015,127611.38831242912
105,2015,127595.58952764279
614,2016,127563.4390175657
215,2014,127491.22710340188
566,2015,127479.78216104436
699,2014,127412.44740697453
766,2014,127371.25578215196
1018,2016,127348.34526757023
665,2014,127334.11043843708
628,2015,127312.93018807309
45,2014,127290.95860121629
774,2014,127243.39260460938
1017,2015,127208.6465946903
200,2014,127202.48682900725
62,2015,127180.03547050705
845,2015,127153.4091153445
467,2016,127152.8979447106
853,2016,127149.7044238977
617,2014,127143.079061647
100,2014,127120.14746105424
1015,2015,127077.04511723694
915,2014,126966.44821236623
877,2015,126953.51594069165
203,2014,126901.13471293541
984,2014,126785.0229288747
301,2015,126777.26747638227
684,2015,126760.69625733038
942,2014,126709.48460772503
173,2014,126660.57868882368
389,2016,126629.06764962709
659,2014,126612.62017614454
314,2014,126592.9025322665
533,2016,126511.90347179763
757,2015,126506.73953899991
159,2014,126501.66680891436
510,2014,126438.45961430497
815,2015,126311.53943792853
511,2015,126281.88618901325
193,2015,126030.06748918214
148,2016,126020.13481688955
334,2014,125964.70600139076
734,2014,125952.78336943017
121,2014,125885.50002471806
553,2014,125841.0014629105
759,2015,125821.65314440086
397,2014,125813.35144932636
34,2016,125801.08421869727
73,2015,125792.79267185646
564,2014,125745.05837500958
990,2014,125730.01064798722
68,2016,125656.96471738744
418,2014,125646.84069953191
1111,2015,125592.90062363319
721,2016,125509.52294258884
925,2016,125460.69210171414
498,2016,125448.91349791603
15,2014,125206.5746463254
1067,2014,125098.93081485317
509,2015,125076.665072235
1031,2014,125072.58139751003
82,2016,125041.04330650171
791,2016,125030.03641042676
1069,2014,125003.861504114
503,2016,124999.87244858044
282,2015,124994.98171850965
517,2015,124993.62585256193
122,2014,124911.65233763757
154,2016,124842.13426391094
130,2014,124776.39860944758
913,2016,124691.02488501412
924,2014,124670.34539821302
269,2016,124670.12887469714
185,2016,124651.37049898377
828,2015,124524.84413253539
553,2016,124511.88403293733
602,2014,124241.3280355852
574,2014,124170.82728057117
186,2014,124155.06720578825
151,2016,124144.83048218493
622,2015,124114.49292766154
692,2015,124110.6613716219
939,2014,124108.68663393008
483,2014,124087.07964633644
257,2014,124069.9803017836
481,2015,124026.89499809839
81,2016,123895.19020627257
140,2015,123860.01074747756
36,2016,123825.99904190819
369,2015,123806.13892638496
918,2015,123721.23834526289
10,2014,123450.92163143854
567,2015,123351.20964223855
503,2014,123313.37782172563
1060,2015,123312.86827670956
143,2014,123167.69092752978
539,2015,123098.16800669878
577,2014,123057.37779706139
101,2014,123042.64129846597
1004,2014,123029.76149277756
505,2015,123011.58228824452
781,2015,123001.74457198271
869,2014,122951.60042241914
760,2014,122949.37396065328
997,2015,122861.28789356169
329,2014,122809.67883564543
353,2015,122795.42584628702
1044,2015,122795.30461151888
15,2016,122772.34899518346
663,2016,122747.87481091001
548,2014,122731.07435825837
501,2014,122722.57865342998
585,2014,122700.27228579421
907,2016,122663.30782567519
176,2014,122591.64981576988
409,2014,122574.7427910546
364,2014,122367.16642540401
504,2015,122338.01282265592
524,2015,122228.80904699744
751,2015,122194.9684373288
189,2016,122183.91268458024
1078,2014,122156.8763179412
396,2016,122117.7751588416
685,2015,122100.90536377818
651,2015,122078.09963452388
776,2014,121993.04974035676
1078,2015,121953.86529423836
986,2014,121950.88191401419
58,2014,121919.61882229077
974,2016,121888.48524903887
742,2016,121870.52088936733
754,2016,121853.07286153128
516,2014,121826.48968789839
979,2016,121823.61800854845
485,2014,121623.71563617865
295,2014,121499.84185619366
593,2016,121490.0145334095
969,2015,121485.35785341842
296,2014,121431.91407769878
518,2014,121422.0246689527
1037,2014,121399.82945570826
38,2015,121396.85616232271
855,2015,121275.06268140537
771,2016,121243.2625926099
884,2014,121225.73174384143
557,2015,121221.65694925607
265,2014,121186.19353984851
377,2014,121152.73058681987
830,2015,121125.88823451998
9,2015,121096.01476326329
229,2014,121032.85219727349
463,2014,120998.39588906131
584,2015,120996.61465063569
488,2014,120917.9963679579
1052,2015,120878.06652369464
740,2016,120874.8714282906
760,2016,120815.94875416286
519,2014,120634.12425623472
563,2015,120576.56242017499
993,2015,120568.82393135749
341,2015,120558.76915876713
334,2015,120550.46344919696
652,2016,120436.53117584728
206,2015,120425.6432845013
1022,2016,120414.13748140773
1074,2015,120367.8627969575
850,2014,120359.68838924733
294,2014,120340.58534387349
813,2014,120214.32687871339
627,2016,120203.12107438131
118,2016,120148.6237734775
468,2015,120137.12716908152
1006,2015,120097.86362124482
312,2014,120053.05556228982
508,2014,120043.94382684385
616,2016,120026.34595396958
1043,2016,119912.58816577304
145,2014,119910.94543594396
929,2015,119872.64366861552
257,2015,119870.4015104645
987,2015,119859.7621931626
566,2014,119840.05423411919
27,2015,119817.34987518987
361,2014,119793.48912582592
453,2016,119779.98959410893
147,2016,119775.76443135102
386,2015,119727.5881800754
575,2014,119715.11192077868
1001,2014,119713.71707186585
678,2015,119710.11710899282
825,2014,119696.55332109843
750,2014,119691.55776590592
19,2014,119678.87921326722
630,2015,119657.79352744193
226,2014,119512.96354186357
845,2014,119508.62528290045
602,2016,119452.89291769465
93,2014,119351.60843240844
729,2016,119103.12726694177
1026,2016,119073.81467654146
1041,2014,119068.52545915336
295,2015,119065.39540836644
65,2014,119048.95653915142
591,2015,119023.26868271084
880,2016,118875.09721274879
1063,2014,118798.4490109252
495,2015,118791.47279334751
324,2015,118753.99499338563
156,2016,118698.17773411973
556,2014,118629.70804938686
503,2015,118606.48750509662
916,2015,118551.57053554122
448,2016,118541.27160460937
175,2014,118487.45551502565
973,2014,118470.372151587
1025,2016,118462.12215412887
205,2015,118425.14698431858
923,2014,118401.13014026298
69,2016,118337.768068505
929,2014,118321.01952461612
171,2014,118315.13136664285
330,2015,118308.09788583021
417,2015,118230.56145655844
149,2014,118221.45715838305
707,2016,118219.38606867609
468,2016,118094.92097342723
719,2014,118041.90174970421
227,2015,118033.95747593252
1034,2014,118027.63683448115
627,2014,118022.34926715953
383,2016,117978.2916942473
3,2014,117973.57595953718
806,2014,117948.47768472074
511,2014,117896.0824464677
952,2014,117843.72089073813
433,2014,117837.7002712605
746,2014,117796.61129838617
941,2014,117739.8320950202
673,2015,117701.59287539746
605,2015,117680.58636779117
155,2014,117657.77519178585
26,2015,117455.31896469294
641,2014,117407.45409398772
855,2014,117369.15310484845
116,2014,117358.12862647345
234,2016,117335.46764346534
491,2016,117319.63276480224
281,2014,117290.09677493964
131,2015,117287.0415421105
322,2015,117272.57427042174
914,2016,117206.95174450742
510,2016,117198.70314794971
10,2015,116994.3549991813
153,2014,116962.63373134495
628,2014,116944.18655289533
471,2015,116939.45472942885
613,2015,116932.22201401023
1009,2014,116792.67461330704
150,2016,116790.67798523373
635,2014,116780.89959894157
936,2015,116760.6024867698
1108,2015,116666.2138193783
1039,2016,116650.23790955349
940,2014,116644.83282579611
29,2014,116643.54901831623
1008,2015,116632.76389291178
816,2015,116626.18959986953
773,2016,116590.54411204434
839,2015,116586.91960733652
600,2016,116572.08501046458
441,2015,116343.91077515029
868,2016,116331.41762767127
8,2015,116327.34095645281
983,2015,116284.42470403516
570,2014,116229.57674303286
194,2014,116157.72470148407
554,2015,116146.99245918516
810,2015,116111.2874481345
243,2014,116087.20035797486
1008,2014,116084.41620273568
836,2014,116043.81204860946
111,2016,116029.66959297122
311,2015,115960.28902034539
17,2014,115943.0869354489
47,2016,115922.25422040695
135,2014,115900.58326947252
218,2014,115892.4398068024
94,2016,115872.90277370202
312,2015,115861.82265945036
489,2015,115861.01037649433
868,2014,115859.43705114862
397,2015,115846.05013581843
1073,2014,115826.38168234758
744,2014,115738.23323759077
761,2016,115605.77253447658
399,2014,115582.31642087706
1071,2014,115513.25683080038
960,2015,115488.07758345937
324,2014,115481.8401800412
940,2016,115450.10981997254
66,2016,115443.42425183844
280,2014,115432.12274522733
745,2016,115401.9245586466
231,2014,115388.10133331509
1071,2015,115369.16154929284
568,2015,115294.08803996767
854,2015,115223.31312503814
408,2014,115201.11143612908
427,2016,115200.42590209386
1110,2014,115113.66248782881
1072,2016,115100.02216132694
249,2015,115076.14985424448
1003,2015,115038.7459877413
1001,2015,114965.6061041323
294,2015,114907.29973072524
581,2014,114878.94254552276
630,2016,114821.18620285521
552,2016,114791.89995081288
1101,2016,114789.06887952288
1055,2016,114747.21089363849
33,2016,114742.77108884387
1032,2016,114733.93040137397
422,2014,114710.59157334919
1047,2014,114706.13698164363
221,2015,114679.57763498295
536,2016,114648.80600697332
387,2016,114638.32602836698
1016,2015,114601.55295056291
1047,2015,114597.50496023236
272,2014,114572.2288876711
35,2014,114560.72959576329
378,2014,114544.54718973018
1072,2014,114516.33101554573
643,2016,114485.0593664793
532,2016,114473.32013852376
779,2016,114434.72608745933
1085,2015,114407.54543282824
398,2014,114403.20798455618
279,2015,114301.8571289698
531,2014,114196.74611727394
864,2014,114185.49982252583
225,2014,114177.55461116161
222,2014,114110.01379238577
1095,2014,113963.42206989358
933,2015,113958.22551302228
1111,2014,113927.73815426961
802,2016,113860.57444428785
498,2014,113837.56157074132
252,2016,113811.25883987962
564,2015,113811.25007191973
931,2014,113627.45043730797
88,2014,113618.96979608279
258,2014,113612.25214695494
650,2014,113488.1494585952
100,2016,113483.4402449635
225,2015,113476.38975427084
438,2014,113457.54703400432
924,2015,113447.18673577317
137,2016,113309.7841986328
740,2014,113301.87012718765
172,2016,113289.89382148716
651,2016,113232.54938283292
339,2015,113201.06645718763
723,2016,113189.65834497698
298,2015,113085.87666008422
454,2014,113074.74874563541
454,2015,113074.38379510901
529,2016,113040.12607615297
1054,2015,113032.83939547383
1103,2015,112951.05718834068
782,2015,112910.39436249214
91,2014,112896.53656354861
631,2015,112845.8501665723
85,2016,112784.89803816384
833,2015,112777.39714482032
556,2016,112764.20247117747
98,2014,112715.60307296504
664,2015,112684.36947505304
85,2015,112669.16431507794
751,2014,112662.42578750307
505,2014,112553.56850864502
39,2014,112524.31953086417
481,2014,112432.28624190655
249,2014,112390.1395016271
1065,2014,112221.88803512731
280,2015,112158.00863639648
772,2015,112151.09522724293
6,2015,112119.38614549779
951,2014,112073.76509161969
377,2015,112026.71989713302
601,2014,112002.78624760499
1107,2016,111904.63150937585
701,2014,111904.45877952116
173,2016,111880.01937402546
988,2014,111852.13717775878
197,2015,111805.52912564273
966,2014,111799.24483464705
422,2015,111785.29114183171
960,2014,111590.9532758522
994,2015,111571.51571550613
201,2015,111526.8733208248
1012,2014,111526.08649330474
292,2015,111520.53930509437
1096,2015,111451.19731087804
833,2014,111442.72271369403
53,2014,111312.75696711968
197,2014,111280.55676534415
328,2015,111233.39789539184
948,2016,111231.4631426707
765,2016,111211.79009655301
163,2015,111112.78957164379
170,2015,111109.99218639171
897,2014,111094.58054331709
980,2016,111030.82179423585
268,2014,110986.2069470396
278,2016,110804.7992956457
521,2014,110713.063819429
706,2016,110656.48525537609
213,2015,110592.98235738612
474,2014,110402.9348015052
675,2014,110396.85880132012
444,2016,110338.85327523433
810,2016,110232.02889048813
957,2016,110149.72224395008
352,2016,110092.00048628378
895,2016,109942.54195009155
237,2015,109838.47330164509
739,2016,109822.27053888343
624,2014,109812.2398607549
646,2014,109797.56741876865
48,2014,109773.74085166019
749,2014,109701.4466967682
4,2016,109647.6913813218
846,2016,109636.24257465286
927,2015,109625.7196935949
1063,2015,109571.09556941337
308,2016,109561.72358883022
647,2016,109483.10348299298
172,2014,109375.21314703775
1068,2015,109349.38992018106
79,2015,109347.01752754039
273,2016,109336.57367117568
916,2014,109230.46438407002
1087,2014,109217.3219642333
881,2014,109157.69045482503
576,2015,109110.95142318212
507,2016,108946.36225815429
284,2014,108942.87672267655
551,2015,108935.16138694774
486,2014,108923.08595557707
459,2016,108906.73343697714
152,2015,108851.13528622471
436,2015,108816.76271669405
7,2016,108809.86623490867
982,2016,108768.33681006668
859,2015,108746.1472851611
917,2014,108693.45674191529
691,2016,108685.99408081165
1025,2015,108678.22734052013
571,2015,108661.34526072902
21,2016,108609.97485866827
929,2016,108530.26222750418
802,2015,108453.86165415659
188,2014,108438.87523321089
808,2014,108416.23824307566
800,2015,108415.63224677737
867,2015,108305.01883039981
347,2014,108226.99097013261
313,2016,108182.5682935917
689,2016,108097.29343627093
1,2015,108094.30201850875
735,2015,108082.5233413474
1054,2016,108032.15500764549
282,2014,108002.35799374476
649,2014,107980.0765991013
143,2016,107932.882115136
290,2016,107925.50141813491
242,2015,107898.67400480474
443,2014,107820.05213939934
576,2016,107799.39545660025
74,2014,107769.74231492852
843,2016,107721.42937921855
109,2015,107659.52014795752
351,2015,107637.72187252725
847,2016,107592.78973071661
5,2014,107582.01515350048
832,2016,107454.42583079831
596,2015,107414.45063155476
930,2014,107325.15919190759
56,2014,107250.46048216408
8,2014,107196.38693172118
1036,2014,107175.49469202927
763,2014,107096.37896914603
870,2016,107027.88790682776
93,2015,107007.11420071106
590,2015,106974.90431619665
1081,2016,106954.9074950632
834,2014,106934.38982906166
292,2014,106858.09252810983
1001,2016,106813.88866107189
430,2015,106807.44169325693
129,2015,106802.71264997558
1066,2016,106799.48076319427
524,2016,106745.68793000895
644,2016,106723.3821194758
582,2016,106688.80326895705
622,2014,106667.63866176833
814,2016,106659.6318973187
760,2015,106591.48614714434
969,2014,106586.44687007098
512,2016,106565.60717371
422,2016,106512.07462265763
752,2015,106492.49427253283
160,2014,106432.43284742249
437,2014,106377.21959925076
442,2014,106367.31807729408
530,2014,106325.99532957673
548,2015,106319.94790657083
735,2014,106287.02822482455
850,2016,106279.3684152583
370,2016,106254.25157329434
1100,2015,106250.32118780984
489,2016,106173.08806198202
554,2014,106140.83960654154
79,2016,106115.03461305979
860,2016,106092.75298302769
128,2016,106051.82731578317
811,2015,106017.94530273101
823,2015,105964.51490802261
9,2014,105936.13348856603
972,2015,105918.33532242624
504,2016,105869.20103254876
1061,2016,105866.78280347837
718,2016,105853.88487596116
795,2014,105790.30362153851
96,2014,105773.6711837768
407,2014,105716.28165837795
785,2014,105706.31576015778
191,2016,105697.62360720229
166,2015,105622.99707521836
801,2014,105533.78323349687
877,2016,105493.46231158548
45,2015,105459.04943885304
319,2016,105431.76710025781
844,2015,105355.59179675713
727,2014,105328.33390596186
220,2015,105248.42290361605
442,2015,105229.95650262301
537,2016,105116.68356398471
1079,2016,105039.36426226216
1014,2016,104951.05415367513
528,2016,104937.96345884833
141,2016,104895.68924550501
114,2015,104860.60560024425
67,2016,104832.76728104899
816,2014,104787.37576526025
1,2014,104775.5597098559
202,2014,104751.0200623199
571,2016,104746.40397988568
402,2016,104676.64005505729
111,2014,104669.19039316518
767,2015,104549.76447318011
744,2016,104469.73698001623
811,2014,104420.96838983818
1035,2015,104400.04470115723
1019,2015,104345.76307077579
654,2014,104324.49411514019
337,2014,104319.45342504603
225,2016,104297.91429630441
803,2015,104283.41978638961
717,2015,104234.25165286852
356,2015,104231.81152300494
127,2014,104184.39107207238
990,2016,104076.79098425913
758,2014,104028.20415997414
75,2014,104020.66461397622
1088,2015,104016.35982046582
677,2015,103914.16390333859
508,2015,103889.0907214102
690,2014,103862.32425992763
177,2015,103820.6508798831
243,2016,103814.39488697406
170,2014,103734.71744667758
839,2014,103641.59307453307
610,2015,103618.11659418863
699,2016,103612.2671565596
1099,2016,103596.66980032444
494,2016,103593.64728513097
807,2016,103591.64286334565
1085,2016,103578.15918891503
905,2016,103567.9137903709
724,2016,103529.67701839819
793,2014,103496.30760072234
1106,2014,103423.72785541062
156,2015,103414.32840684039
462,2014,103329.72101508515
253,2014,103328.8045924133
20,2015,103131.63168673891
381,2016,103109.48847645371
266,2015,103100.25160380857
2,2014,103083.92200662111
1076,2015,103015.30456942877
1076,2014,102909.09765943242
1083,2015,102883.06941601838
736,2014,102800.66146788925
852,2015,102765.69463874339
356,2014,102757.12992827485
780,2015,102738.0866550822
776,2015,102656.58699675271
1084,2016,102635.43263511398
39,2015,102616.77274007277
408,2015,102586.84483469794
952,2015,102577.44823195653
912,2015,102533.12483559673
583,2015,102525.2706950059
24,2016,102484.35517655413
300,2016,102459.22679581598
1094,2014,102458.39015076912
264,2015,102456.247610434
1077,2015,102431.49860486647
992,2015,102406.97434452412
1044,2014,102382.46817380136
931,2015,102362.34617585338
537,2014,102343.4527598975
36,2015,102342.00375956799
591,2016,102329.47458614035
263,2014,102319.8524821713
11,2016,102281.63092858411
367,2015,102276.07637175292
477,2015,102227.943902046
289,2016,102225.58399038609
596,2014,102172.20215028392
109,2016,102127.93076709507
1061,2014,102106.19471287334
927,2016,102063.92821619987
1069,2015,101937.13263377828
655,2016,101902.50384366987
908,2015,101801.89050239016
210,2014,101765.42078688381
602,2015,101733.89940333398
1016,2014,101726.91078353576
187,2015,101638.29750444354
848,2016,101626.30156539222
577,2015,101623.91650186336
903,2016,101613.23415933613
898,2016,101562.3052250521
598,2014,101466.33116659503
592,2015,101466.19392327854
828,2014,101419.48268162257
852,2014,101416.45836663706
910,2014,101379.02167652122
678,2016,101355.65548303905
101,2016,101284.68800289562
926,2016,101263.0141470808
637,2016,101206.48306686434
392,2016,101196.98843316453
164,2014,101124.96500848325
476,2014,101090.5524226964
214,2016,101034.13073475717
640,2016,101030.77366058092
158,2016,101010.87850395452
834,2016,100972.84898864689
700,2014,100903.94227017937
875,2014,100817.03132883215
362,2016,100752.7564882545
281,2015,100752.26750192992
865,2016,100743.31529920199
255,2016,100649.93714081105
666,2016,100623.1241379906
607,2014,100587.88531740785
46,2014,100517.89573459815
663,2015,100469.74620611226
394,2016,100434.84656305458
2,2015,100392.96122566977
1023,2016,100389.5187007141
770,2016,100350.45030701785
475,2014,100306.89751407101
314,2015,100300.2570573517
266,2014,100293.81091050977
953,2014,100280.09870510543
274,2016,100215.92122805868
937,2016,100133.10726561412
164,2016,100022.80452322548
99,2016,99962.16946435109
590,2014,99945.70690057793
255,2014,99848.2605092413
540,2016,99808.21904618645
739,2015,99748.62918314882
361,2016,99637.37626671599
550,2015,99613.73343731221
60,2016,99613.23807545776
1060,2016,99601.94802671376
1080,2015,99559.09348009068
944,2016,99546.07678144486
906,2016,99461.55472033474
665,2016,99441.55821834381
563,2014,99403.03944248002
824,2014,99392.81236917249
985,2016,99360.11173661327
76,2015,99347.79714114779
803,2014,99282.0034933348
302,2014,99206.20558964135
385,2016,99198.98467381249
904,2014,99155.99439868305
639,2015,99155.03495726126
367,2014,99136.06811020705
571,2014,99113.22985694898
136,2016,99100.75719262003
245,2016,99070.25210476607
130,2015,99044.87704273312
31,2015,99038.76753444829
381,2014,98974.41660726687
561,2016,98923.94740863248
550,2014,98921.52709681832
452,2015,98844.26037910274
731,2016,98804.46147258578
671,2015,98711.94117048406
377,2016,98707.33930559586
663,2014,98644.79429423198
160,2015,98607.20075794151
281,2016,98590.89536703934
822,2016,98566.02274567337
668,2016,98558.55489578564
899,2015,98508.18729615916
196,2014,98470.39917969544
954,2016,98408.99458812959
615,2016,98397.34826980838
207,2016,98388.52217377399
30,2014,98363.02162869263
754,2015,98262.9318350379
353,2016,98137.4886178404
636,2015,98092.91563912721
50,2015,98050.8046045297
958,2014,98013.25227909442
637,2015,97929.90020321809
727,2015,97889.08494165982
420,2014,97853.42173969165
200,2016,97790.54299980117
695,2015,97780.3874595539
115,2016,97754.8170533661
491,2014,97697.1949038598
144,2016,97660.8404910002
443,2015,97652.48340581256
604,2016,97506.06653494226
187,2016,97490.33219453273
541,2014,97441.00374610313
783,2016,97420.5466308901
37,2014,97352.87233612021
658,2015,97333.21885680505
648,2015,97288.6418395615
99,2014,97283.95803837337
994,2016,97184.02124835971
240,2015,97176.21419208622
38,2016,97119.62270010856
1029,2014,97084.4723175721
307,2015,97082.09221851546
500,2014,97067.80352043861
805,2014,97034.24969247353
863,2016,97029.16535640489
122,2016,97013.40271922688
994,2014,96994.4070042534
146,2016,96918.049696289
328,2014,96849.74934495772
19,2015,96815.18247885442
534,2015,96792.85374599186
540,2014,96783.17741060686
406,2016,96694.06301034662
117,2014,96650.85585201715
385,2015,96635.766815837
894,2016,96615.11340424004
416,2016,96556.96434063057
102,2016,96550.83599569055
223,2016,96544.83860140512
306,2014,96502.94510585812
774,2015,96487.97843409011
889,2014,96478.50256859281
864,2015,96440.44293013391
289,2014,96348.38951828572
883,2015,96175.2044709939
630,2014,96141.00688373629
61,2015,96138.03675188648
317,2014,96082.96797260574
28,2014,96056.43420892769
538,2014,96049.69596652733
886,2014,96017.24139984448
956,2015,95959.08591643107
1002,2016,95841.15410465952
236,2016,95704.08120588533
949,2014,95692.23565468693
380,2016,95632.76157050671
287,2015,95568.73493270832
162,2016,95559.75026687066
309,2014,95550.47422331166
904,2016,95509.9918975815
1090,2016,95462.212711417
480,2016,95400.02471841361
233,2016,95315.38183210486
1090,2015,95308.43045097232
610,2014,95298.22129547465
672,2016,95256.3997947659
659,2015,95246.92804778156
849,2016,95243.79232255329
594,2015,95235.47168051096
606,2014,95232.27927183257
401,2015,95221.44813799187
525,2016,95202.05090731914
618,2014,95160.19924882079
1056,2014,95156.51220641471
217,2016,95110.91471716555
398,2015,95100.30752515321
725,2015,95098.35309465171
780,2016,95043.5005469022
426,2015,94971.77413538657
866,2016,94971.11969997188
989,2014,94943.91108204384
710,2014,94941.1572397395
946,2015,94891.61225820093
206,2014,94880.42479865153
968,2016,94779.20989348345
166,2016,94778.67242722919
239,2014,94760.95563914461
519,2015,94690.13002537073
59,2014,94687.51599970265
599,2016,94687.05902781662
702,2014,94642.90556500666
688,2015,94588.92912086239
54,2016,94537.06847474366
1090,2014,94527.35801772556
342,2016,94505.56778782667
78,2015,94455.21615484123
875,2015,94407.9822215188
134,2014,94336.83759305037
664,2014,94294.60746087678
813,2016,94274.21008635753
790,2015,94241.72631142671
108,2015,94229.02358264397
1109,2014,94206.05964342639
129,2016,94182.92727486508
515,2016,94143.89274001149
483,2016,94133.02690282126
574,2016,94050.99913439053
564,2016,94018.14669134858
639,2014,94012.75781973348
477,2014,93989.67655838767
820,2015,93976.60726431418
176,2015,93962.13596151322
212,2015,93959.06723962176
514,2014,93882.41342740232
953,2015,93861.63839953553
965,2016,93821.25429459766
777,2015,93644.3895391724
648,2016,93636.71090834147
1096,2016,93596.35722162024
210,2015,93582.73099063012
1098,2014,93494.3249514684
830,2016,93470.44691909953
626,2015,93443.33622204463
191,2015,93392.49598941642
949,2016,93337.89952569899
590,2016,93276.17524387049
110,2014,93115.3553115727
313,2014,93107.11725915853
549,2014,93106.75040558027
315,2014,93069.75750112238
1102,2016,93069.0373447819
256,2016,93002.66402479415
201,2014,92987.45442603731
606,2015,92947.3543546347
393,2016,92933.899177147
959,2014,92901.35342272893
763,2015,92859.15410401196
737,2014,92824.01124215951
591,2014,92780.49126516546
12,2016,92762.37319882234
445,2016,92741.7393559821
795,2015,92581.83934300164
21,2014,92567.23162575965
499,2014,92541.44652924401
716,2016,92539.56530934318
633,2014,92485.59426961276
871,2016,92474.53756014505
1092,2016,92473.81944804644
1113,2016,92449.13641780298
793,2016,92433.64506433983
1064,2016,92377.29555668817
902,2016,92354.83272690949
617,2016,92255.1149500768
681,2015,92188.67798048955
979,2014,92148.36575581998
206,2016,92128.41090510294
583,2014,92066.9633230006
612,2016,91933.85499478524
712,2016,91918.96591155778
211,2016,91910.99264868067
867,2014,91821.32543086924
41,2014,91787.92080792261
284,2016,91755.72670017042
195,2016,91654.08638633677
250,2016,91646.27211370174
597,2016,91620.51562091461
65,2015,91598.33492637733
434,2015,91531.33036063421
127,2016,91501.50284883755
326,2016,91501.41320073091
660,2014,91351.47789932851
901,2016,91267.9986420009
1078,2016,91263.77188385457
856,2016,91249.76508812573
1084,2014,91118.23833224167
404,2015,91068.21036022974
126,2015,91023.47846637004
373,2014,91021.72888705439
1106,2016,91005.88176857686
309,2016,90999.21240576619
37,2016,90916.9055714467
1035,2014,90815.23507458935
438,2015,90632.95115262909
926,2014,90511.319363973
687,2014,90469.28344660511
325,2016,90457.3346148234
618,2016,90424.36463693323
360,2016,90336.13764923761
484,2016,90317.47304795413
412,2016,90254.59659310005
286,2014,90249.9344387473
930,2016,90246.37632755375
87,2014,90206.1635706045
96,2015,90203.78409688851
301,2014,90138.41304418603
56,2016,90126.81907846563
179,2016,90119.25900740354
133,2016,90105.293563198
940,2015,90030.44537745367
911,2016,90017.67095776547
1103,2014,89966.34613586547
83,2015,89914.49001656687
39,2016,89856.53060455805
66,2015,89647.53253688192
775,2015,89490.63176932382
549,2015,89451.23246060936
337,2016,89438.45550027538
216,2016,89394.26781341725
908,2014,89361.87640770439
1015,2016,89284.28792288023
950,2016,89228.8917039139
431,2016,89185.24824656842
874,2014,89020.79950731267
1108,2016,89015.52391110867
644,2015,89011.29331744475
22,2016,88992.24796552457
806,2016,88978.180547639
808,2016,88972.11901118467
701,2016,88946.33651141151
932,2015,88943.95456596579
851,2016,88892.65303706628
373,2015,88887.3909049316
351,2014,88784.6769964225
772,2014,88774.59170295652
254,2015,88735.16720460272
782,2014,88704.68484467502
942,2016,88699.29040162859
730,2016,88630.75673345466
495,2016,88574.87709768528
837,2015,88570.22928749994
404,2014,88540.4293302902
1110,2015,88515.90783397209
113,2016,88430.28376255215
694,2015,88386.74766780602
1057,2016,88336.86483865288
221,2016,88328.22042737785
194,2015,88299.77009458444
891,2016,88293.95785845758
353,2014,88213.67445440301
343,2016,88203.39176885107
248,2016,88143.77913205196
267,2016,88036.92997570414
800,2014,87942.26858659144
451,2014,87939.41599088654
1013,2015,87882.0386728647
835,2014,87810.88377654519
861,2014,87810.41051160597
594,2014,87809.97484646663
538,2015,87725.54847724916
369,2016,87695.64457106518
1100,2016,87608.82363001004
567,2014,87577.52956217533
226,2016,87574.88542283363
764,2016,87530.06116235319
621,2016,87492.08672500287
883,2014,87462.80215717491
773,2015,87437.90748901277
784,2016,87352.20414452355
371,2016,87333.06081897933
1104,2014,87316.04289393222
332,2014,87296.37513328713
517,2014,87118.89521267102
703,2014,87110.48044543469
728,2016,87109.31937750189
1046,2016,87036.73404397447
941,2016,86988.64340889284
221,2014,86959.09187558417
547,2014,86947.0800947867
854,2016,86940.64380014456
193,2016,86901.87154685016
286,2015,86875.90212166857
950,2015,86849.47846983386
165,2014,86764.52548920097
565,2016,86734.87608984635
797,2014,86636.16822151188
253,2016,86609.52378672779
1088,2014,86577.51925558172
675,2015,86526.53442245456
471,2016,86489.50679739997
997,2016,86441.46305620183
987,2014,86287.07422111818
1030,2014,86261.73749585995
581,2015,86259.09524303017
694,2016,86236.5049391774
292,2016,86210.843690002
547,2016,86189.96529691546
633,2016,86116.03329819339
283,2016,86051.29675603876
188,2015,86044.65093935892
861,2015,86001.31246459683
970,2014,85989.30205865394
442,2016,85948.73517518271
570,2015,85924.73043457732
568,2014,85857.54262978917
636,2014,85809.93821219851
177,2014,85780.0449875258
339,2014,85771.51225216262
417,2016,85690.55259568135
724,2015,85487.07833122174
789,2015,85449.31050707989
986,2016,85417.89185366992
244,2014,85370.4252439883
771,2015,85341.12801725793
690,2016,85326.70717636784
812,2016,85322.37944034001
714,2016,85317.81814857922
30,2015,85316.39099958638
983,2016,85306.16169281561
311,2016,85240.18121321074
44,2014,85162.95480902823
858,2014,85152.33916766028
55,2014,85130.42677366879
105,2016,85102.22892928185
984,2016,85030.87316796232
563,2016,84825.951759386
631,2016,84799.170452165
829,2016,84763.3973368044
340,2016,84695.28459957919
293,2016,84653.8538452395
62,2016,84650.73443627988
871,2014,84647.19416892054
684,2016,84587.7610594336
163,2016,84552.24750768539
296,2016,84543.86827729717
168,2016,84530.85421644335
937,2014,84493.72114258292
1083,2014,84476.9116688636
798,2016,84464.2438103143
240,2014,84398.58587527239
633,2015,84371.30756692556
17,2016,84371.23110058716
1042,2014,84326.75543308264
555,2016,84313.00459363403
945,2015,84300.98489587936
543,2014,84298.70679191084
551,2014,84288.24179651125
488,2015,84253.88894202549
425,2016,84249.75461710391
977,2015,84165.53928916417
819,2016,84164.59218018867
391,2016,84095.35459230916
836,2016,84074.10900595236
608,2016,84065.97530809867
681,2014,83992.61284045207
182,2014,83968.59763590893
116,2016,83957.03900413823
237,2016,83924.3824677676
53,2015,83919.4905245322
124,2014,83911.02239888329
399,2015,83890.31390396193
330,2014,83842.85564186855
174,2015,83836.26015925418
695,2016,83732.46123009997
823,2014,83725.39128846949
217,2015,83719.46561858282
428,2016,83640.68501344771
1037,2016,83580.02452792079
1104,2016,83540.44267069089
1044,2016,83443.27447512571
751,2016,83439.65736733105
227,2014,83226.14854074459
100,2015,83113.92667478992
447,2014,83097.40453186873
354,2016,83087.62814483985
357,2016,83053.84108554976
728,2014,83043.53011418889
53,2016,82824.55489157443
50,2014,82816.29364890701
919,2016,82706.5428324753
887,2016,82668.24239108336
318,2016,82625.31584713387
405,2014,82606.77398198194
757,2014,82437.26855957553
235,2016,82425.82137550428
338,2016,82423.62134491655
732,2016,82413.87065392824
638,2016,82409.27187939674
208,2015,82274.18269330199
508,2016,82258.45478075898
1068,2014,82221.94619470804
998,2016,82195.95154507691
1017,2016,82097.55775930612
900,2014,82010.94955789532
425,2015,81983.91953114844
316,2016,81953.43650178763
315,2015,81946.02067387356
13,2016,81930.30298679163
386,2016,81851.49149914655
270,2016,81792.73730999314
926,2015,81786.96914416505
667,2016,81683.28183930673
920,2016,81681.79772419133
395,2014,81680.76906315127
1015,2014,81600.93115953212
851,2014,81584.8364815113
806,2015,81579.9504260208
1049,2016,81525.46896302197
778,2016,81449.55146576863
478,2016,81447.23165729264
897,2015,81430.7373590613
455,2016,81284.49712713106
395,2015,81273.93936559433
1003,2016,81256.6611266697
379,2014,81155.09040847293
365,2015,81145.02779151982
103,2015,81125.86591935578
609,2015,81114.68852715427
744,2015,81016.32228487357
249,2016,81014.85002563706
918,2016,80988.45407675656
692,2016,80936.89999945923
642,2014,80895.76907533032
629,2015,80874.62462844909
26,2016,80825.08463632604
734,2016,80815.47307800734
1011,2016,80783.56313479005
710,2016,80734.8177886912
126,2016,80674.91706571597
794,2014,80655.90324105517
978,2016,80646.42926709405
601,2015,80620.05580447442
650,2016,80616.92439095193
587,2016,80612.61422313636
815,2016,80600.59947616921
580,2016,80533.38288966265
411,2016,80532.48984726513
209,2016,80427.09865215328
451,2016,80342.81932868325
384,2016,80253.60492511369
838,2016,80249.79834724803
703,2015,80221.24829433113
653,2015,80177.73240921734
794,2015,80094.25796552651
5,2015,80045.90339511781
973,2016,80033.11627271069
876,2016,79976.19472725182
796,2016,79975.50366191607
991,2016,79959.9419077245
551,2016,79881.22790071166
268,2016,79864.85104579448
155,2015,79846.67252734554
274,2015,79843.8190726009
923,2016,79838.07932750898
219,2014,79771.12192392665
124,2015,79733.67318599959
762,2015,79665.68440017162
334,2016,79542.28292646809
23,2014,79489.12583706858
837,2016,79466.7259348307
967,2016,79421.67625951512
576,2014,79342.66819806518
715,2016,79289.2938339769
952,2016,79281.13365902855
920,2014,79230.17197032202
1042,2015,79226.06428393208
1038,2014,79169.97752887913
522,2015,79138.80039521684
998,2015,79092.58335439063
746,2016,79091.21873600014
487,2016,79085.8383906972
890,2016,79062.7028130628
157,2016,79016.5368574332
297,2016,78999.65322720907
597,2015,78997.6462685741
717,2016,78929.7858823783
351,2016,78871.47244687408
961,2016,78741.30936122216
501,2016,78705.860241276
276,2014,78697.2278334241
919,2015,78684.72660171945
777,2014,78608.23948441938
192,2016,78549.16533595898
107,2016,78546.35091899012
758,2015,78528.4467705977
492,2015,78475.0076529378
946,2014,78442.784149627
205,2016,78434.62204790098
947,2016,78433.72028317949
759,2016,78428.16821001993
642,2015,78414.32299197745
625,2015,78388.3101883511
928,2016,78308.58338526734
175,2016,78258.7136993403
31,2016,78194.67861827723
1094,2015,78124.21330840797
93,2016,78120.97018963876
1041,2016,78003.00588473125
981,2016,77952.96453573617
1104,2015,77828.72743106967
430,2016,77818.19190029571
935,2015,77799.25707655883
793,2015,77650.4017289009
135,2015,77610.76245501415
291,2016,77600.46488904787
350,2016,77573.15230976629
420,2016,77560.98408123465
285,2014,77543.65922873523
1035,2016,77534.9106107885
46,2016,77530.34488522004
43,2014,77505.15673545215
860,2014,77484.4047386773
405,2015,77450.35343807987
641,2016,77416.36433346005
1004,2016,77312.99829739679
654,2016,77306.90047836285
752,2016,77303.00136341645
941,2015,77225.3285925885
899,2016,77218.18356683457
1065,2016,77199.12951008588
589,2015,77168.9330017548
896,2016,77085.09709782388
518,2016,77035.08421629871
673,2016,77032.23910189258
75,2016,77025.62133297358
824,2016,76989.14190240033
305,2016,76934.12292257426
301,2016,76846.32829881366
275,2015,76788.65781096066
1020,2016,76786.51036645805
762,2014,76742.53902329202
781,2016,76727.04636581341
988,2015,76691.8889554081
609,2014,76679.56691338742
255,2015,76639.18469693545
367,2016,76506.97637021593
104,2016,76500.55366195552
96,2016,76472.80599059857
881,2015,76461.57329584452
131,2016,76368.51001752896
700,2015,76289.66265079935
202,2016,76137.74898337244
661,2016,76126.34147577366
18,2016,76126.02155235916
3,2016,76113.85913121371
9,2016,76111.00449124357
114,2016,76105.64743586135
120,2016,76052.88648044779
1088,2016,76026.57648513638
254,2014,76011.95176677937
835,2015,75987.36434827857
959,2016,75983.96604953152
237,2014,75959.16258220018
840,2016,75914.52843123463
825,2016,75882.07909635884
51,2016,75868.98326253176
435,2015,75852.83170286006
407,2015,75734.25213176945
790,2016,75589.88403762368
711,2016,75576.067798788
1029,2016,75562.29495200988
879,2014,75526.12288844929
55,2015,75466.0634592047
650,2015,75404.29983036606
303,2016,75131.83709647667
14,2015,75079.01037610024
706,2015,75006.51234901969
649,2015,75004.98832229071
117,2015,74956.52057798632
58,2016,74797.0364808266
1058,2016,74758.58308208078
801,2016,74661.06459088533
1028,2016,74557.44243666566
136,2014,74540.97820388258
714,2014,74497.4755887798
736,2016,74371.66619542298
314,2016,74274.79276954538
425,2014,74259.48209818713
98,2015,74256.4619428717
935,2016,74169.57423704058
1051,2016,74164.84631265944
364,2015,74158.02646334062
326,2014,74047.25834064587
1042,2016,74017.1244990644
242,2014,73905.17040947985
998,2014,73883.4963423676
554,2016,73810.00626390436
955,2014,73770.13879709439
977,2014,73687.5114053973
702,2016,73673.20137793808
693,2016,73655.44589473883
41,2016,73581.11068919339
112,2016,73513.80403847533
933,2016,73495.31619644993
936,2016,73464.8808090723
821,2016,73316.44434582752
473,2015,73302.78917553872
288,2016,73194.73570252555
1091,2016,73176.85614511734
607,2015,73167.8803169056
786,2014,73110.80465188363
1069,2016,72937.48527455221
567,2016,72918.89746432498
996,2016,72841.2474742347
636,2016,72838.19481910043
174,2016,72800.13332208626
45,2016,72793.98195888505
786,2015,72741.99960166925
132,2016,72638.76980883461
955,2015,72616.26510034961
514,2015,72615.45567218738
397,2016,72613.57978717524
366,2016,72497.82220312004
844,2014,72400.06530193656
246,2016,72381.55256269587
40,2016,72366.18730271129
638,2015,72348.88847856571
16,2016,72341.52233994832
934,2016,72339.85163964937
401,2016,72334.59688028488
938,2016,72304.02294613581
632,2016,72253.30685026184
229,2016,72248.49116431926
184,2016,72219.66856856635
520,2014,72203.17600737551
1013,2014,72192.47621551703
669,2016,72154.6458698325
1098,2016,72121.51736469081
569,2014,72108.76150131118
1105,2015,72016.78965602699
758,2016,72014.56780479706
119,2016,71919.66091580754
280,2016,71907.95339600438
541,2016,71896.99207061282
312,2016,71885.18402208172
208,2014,71803.26446652263
851,2015,71711.57764169881
339,2016,71694.17045464023
306,2016,71680.52712095146
970,2015,71651.01721299086
987,2016,71640.866344754
671,2016,71619.8129417365
440,2016,71596.60201553283
285,2016,71547.92339402606
72,2014,71542.85139289162
1009,2015,71460.76779312603
217,2014,71383.02077658719
51,2015,71294.48895176926
450,2016,71269.75937915822
720,2016,71199.85267807386
177,2016,71106.16549421697
611,2015,71058.31840081787
72,2015,70955.29824068311
757,2016,70900.99949124534
1005,2016,70889.13514976243
32,2014,70736.3538011948
142,2015,70673.83317151263
653,2016,70596.04097190106
956,2014,70312.80053890846
629,2016,70258.63866616515
656,2015,70253.97594375571
816,2016,70230.50908027258
1016,2016,70211.03825715938
486,2015,70159.33467444257
902,2015,70136.31680237735
473,2014,70054.7298313191
875,2016,70023.72785982829
298,2016,70004.67061616298
153,2016,69981.01219480293
305,2014,69974.0391453412
569,2015,69924.86524298448
105,2014,69883.73986858378
462,2016,69873.94180834656
192,2015,69870.19274060578
299,2014,69851.80128647777
857,2016,69791.30758971418
257,2016,69755.3929759168
631,2014,69640.43148942168
139,2015,69584.17153527302
1109,2016,69561.12454030408
743,2014,69508.55294632753
78,2014,69481.24329895411
520,2015,69465.96747747183
596,2016,69446.10734729757
932,2016,69392.0566521218
78,2016,69375.67252794448
873,2014,69275.9957212988
460,2014,69273.88691207682
164,2015,69252.31421172101
1071,2016,69231.98615806914
664,2016,69202.70695749663
139,2016,69171.31340532585
597,2014,69111.85513752938
418,2016,69071.65961918398
89,2014,68828.21496915295
58,2015,68802.63756188627
1095,2015,68747.88717621146
900,2016,68707.85317990366
892,2016,68706.39727377941
669,2014,68692.72692195037
585,2016,68518.67948515552
277,2015,68325.4119927297
922,2016,68247.54273023483
435,2014,68239.14110908328
275,2016,68177.56404556618
763,2016,68121.9218615338
670,2016,68088.71795731323
258,2015,67908.42222696243
852,2016,67803.52500703397
332,2015,67759.99537348538
955,2016,67758.2989987916
144,2015,67746.8176721159
73,2014,67703.67885969595
1105,2014,67652.24736255352
613,2016,67646.5362745115
767,2016,67625.37187201573
611,2016,67613.07189843342
490,2016,67564.05136780642
874,2015,67477.34860322137
324,2016,67472.55058694717
1048,2016,67392.80520518949
283,2015,67360.15924265001
511,2016,67303.95855310762
785,2016,67171.49183035184
1111,2016,67165.26419704317
299,2016,67159.97410403375
800,2016,67158.88203191319
1000,2015,67158.76340865047
670,2015,67112.05344051888
708,2016,66928.32286089768
962,2016,66862.03369676758
677,2016,66815.47667814218
61,2014,66794.76242902772
372,2016,66775.2187269724
735,2016,66694.95940617692
59,2016,66661.4880132735
1067,2015,66655.83415833092
867,2016,66556.87095650545
589,2016,66500.34919475982
454,2016,66486.2104882862
277,2016,66461.74892501839
427,2015,66444.38724657554
460,2015,66430.7418516459
346,2016,66426.50100660617
260,2016,66417.57923275545
1030,2016,66413.31128888128
29,2016,66393.34756996152
228,2016,66381.37901679955
714,2015,66335.49451055881
919,2014,66308.84233030955
972,2014,66290.69354546386
705,2016,66255.21118530347
581,2016,66162.42745913433
789,2014,65953.24041323275
782,2016,65905.53724314226
428,2015,65896.12787995649
700,2016,65826.42083646567
227,2016,65745.91677201743
472,2016,65454.533264094935
443,2016,65438.02374888079
496,2016,65390.97342769611
558,2015,65272.200406615426
555,2015,65244.71777707262
584,2014,65236.96450730208
674,2016,65187.16892282548
686,2016,65153.85774077859
439,2016,65108.319183135376
624,2016,65005.3145366942
302,2015,64916.157569615054
103,2016,64889.45906903779
685,2016,64883.267021677064
855,2016,64845.10375803649
1012,2016,64802.187338271484
889,2015,64639.80463915347
258,2016,64537.92167178147
413,2016,64480.74845366763
1027,2015,64346.94998463982
152,2016,64346.32242614476
499,2016,64332.60160909351
1008,2016,64330.48510896973
1105,2016,64246.90928032654
398,2016,64140.35503903793
750,2016,64085.464035396886
285,2015,64032.047579248
274,2014,63932.94457364958
1012,2015,63869.33273178151
77,2016,63840.8912283904
359,2016,63773.56741432125
762,2016,63710.692896448454
159,2015,63655.61652631766
409,2016,63628.87200212181
495,2014,63576.65011460131
977,2016,63514.47373283978
598,2015,63503.01940659588
378,2016,63328.325933099506
429,2016,63324.379335988706
14,2016,63263.518399026165
1110,2016,63262.0316396199
52,2015,63154.06842190257
130,2016,63053.57275541885
1052,2016,62924.81074598624
272,2016,62877.60290390032
327,2016,62839.40635545707
1007,2016,62775.42171489693
19,2016,62737.22462495141
103,2014,62717.60208637659
741,2016,62698.50960466824
169,2016,62679.2143242162
276,2016,62627.92946942392
743,2015,62614.72023613557
410,2016,62583.182132418515
818,2016,62549.007990237486
218,2016,62540.71187502204
232,2015,62499.8324257568
939,2016,62431.58453284229
588,2016,62298.88771710883
149,2016,62289.04256401878
776,2016,62286.930500973416
828,2016,62214.17327687948
322,2016,62200.7025760647
1047,2016,62165.3445369617
509,2016,62123.25687389874
180,2016,62092.51492764271
656,2014,61793.56872014762
837,2014,61675.15922541457
321,2016,61673.6662106921
804,2015,61667.41602283989
465,2016,61650.27941507694
436,2016,61618.28958663566
115,2015,61607.892054516546
1081,2014,61594.27835442824
570,2016,61558.10120980389
481,2016,61473.411360796854
197,2016,61440.74484137561
966,2016,61439.390298551436
646,2016,61414.873128584186
543,2015,61403.37698525106
70,2016,61397.411765694276
190,2015,61390.67376799425
669,2015,61340.46670396798
8,2016,61340.170174416424
332,2016,61329.338796168006
331,2016,61310.25337413814
328,2016,61308.88367930713
1010,2016,61292.63263770751
140,2016,61247.27554584617
720,2014,61180.5131650982
1093,2016,61149.16809207884
412,2015,61068.883951019605
486,2016,60930.63446305843
419,2016,60923.66623631786
243,2015,60902.549656064126
1102,2014,60886.04225843112
612,2015,60817.51032090839
708,2014,60787.95954211041
240,2016,60781.67172778105
988,2016,60752.19521016085
557,2014,60594.542729423854
145,2015,60519.09326653561
457,2015,60502.06489848047
347,2016,60421.301273377554
198,2015,60407.59173636358
878,2016,60304.655787635464
858,2016,60291.14613914036
6,2016,60280.24128451907
295,2016,60268.21110515059
899,2014,60232.57597827314
736,2015,60202.59685656671
1045,2016,59847.54914341832
215,2016,59749.256852938764
884,2015,59724.503250183945
43,2016,59672.535191123476
429,2015,59610.375909092196
403,2016,59532.6824800755
52,2016,59465.528220174136
266,2016,59457.57173731754
634,2016,59406.10222843257
792,2016,59324.77035605014
1086,2016,59321.32619025132
14,2014,59308.50651124207
660,2016,59269.67891993592
137,2015,59251.81460157286
890,2015,59109.272529701084
575,2015,59052.89092030337
426,2014,59026.75396769128
134,2016,58906.8691910628
881,2016,58759.70698488275
879,2015,58714.62286695421
1024,2016,58629.64571728113
408,2016,58626.658370061254
405,2016,58614.17758993053
566,2016,58567.691295145894
958,2015,58561.836281981945
1000,2016,58534.783338686924
1031,2016,58263.44510969225
1036,2016,58259.41056471082
1062,2016,58175.24861882836
127,2015,58144.902377087536
568,2016,58130.98402745886
873,2015,58081.85649568918
908,2016,58074.75672915205
572,2016,58068.04540016682
1034,2016,58053.809528551836
80,2016,57928.55686365157
1094,2016,57793.5570590598
976,2016,57760.95064245387
789,2016,57753.38671780499
485,2015,57625.106315272606
594,2016,57578.587780581736
960,2016,57576.638388885985
407,2016,57461.126877329625
675,2016,57431.59448221188
805,2016,57380.60443064644
711,2015,57310.70717193529
176,2016,57236.00808092561
518,2015,57233.30088989743
135,2016,57228.044449681176
1009,2016,57074.08001870168
341,2016,57025.072260747045
649,2016,56989.562688875005
1074,2016,56951.98198980998
254,2016,56625.87646419213
110,2016,56575.69234025831
477,2016,56405.71353204771
601,2016,56314.221108468024
719,2016,56253.78904169134
48,2015,56195.60099541028
592,2016,56131.587063447936
753,2016,56110.87140798743
138,2016,56072.845897381514
512,2015,56059.588285077516
345,2015,56026.15279319562
457,2014,56025.2479070387
92,2014,56003.32362959
958,2016,55866.967351119994
1006,2016,55792.238053444176
635,2016,55770.8523854684
912,2016,55733.68770384685
659,2016,55711.06641340069
628,2016,55697.83430472225
87,2016,55645.577102723604
92,2016,55642.83524356704
188,2016,55462.071787691726
713,2016,55459.98563438375
433,2016,55451.50519742405
622,2016,55317.360047009184
1056,2016,55230.46572340602
681,2016,55011.0997836406
1038,2016,54977.40492928204
1067,2016,54960.81458269479
30,2016,54950.14442442898
797,2016,54884.079423070536
805,2015,54870.46167315174
708,2015,54769.131804719815
263,2016,54747.23584250613
2,2016,54738.69581170383
1102,2015,54715.16245849414
480,2014,54713.57596709572
920,2015,54658.54916798696
276,2015,54614.198473852404
170,2016,54583.876487171576
317,2016,54573.47046065668
210,2016,54556.89824955888
218,2015,54496.80998145852
696,2016,54485.803245319024
748,2016,54477.78100473636
5,2016,54449.33755414847
764,2015,54408.81086352555
81,2015,54399.34786008829
231,2016,54388.25022823389
32,2016,54376.54199777404
165,2016,54372.32246626019
485,2016,54273.76307238649
804,2016,54174.22665177431
823,2016,54168.99721168851
50,2016,54137.37478729708
841,2014,54109.15438951218
132,2015,53870.075146407864
88,2016,53849.59474642271
242,2016,53648.75528786858
420,2015,53641.190341942754
182,2016,53568.012332317056
461,2016,53534.2793734019
49,2016,53513.681003823454
727,2016,53512.384480833956
155,2016,53382.765893055686
658,2016,53338.88220998437
716,2015,53291.78977520285
573,2014,53260.54294032492
519,2016,53102.743228534826
406,2014,53095.93291029575
1038,2015,52886.9568700236
1082,2016,52839.78234563625
231,2015,52744.077330529944
893,2015,52743.70194561114
203,2016,52731.16733833839
323,2016,52589.26969291005
747,2016,52518.05608155548
500,2015,52356.5309585929
194,2016,52268.55404256956
931,2016,52262.825003700826
521,2016,52187.750108490916
307,2014,52161.03162242679
379,2015,52103.544463392056
65,2016,51964.089761841205
598,2016,51927.49901621244
446,2016,51900.731768713245
1004,2015,51802.170590884416
215,2015,51787.11762700824
558,2014,51765.48355160516
725,2016,51736.585714226305
657,2016,51654.92746380231
61,2016,51616.93965267291
882,2016,51572.97273238872
437,2016,51569.516625074946
415,2016,51552.19418122895
956,2016,51368.34224494605
302,2016,51331.51251350068
414,2016,51277.24870453071
198,2016,51250.53414934516
1030,2015,51242.71069146716
575,2016,51193.40185719465
1115,2016,51158.82098927822
845,2016,51096.81434594494
688,2014,51088.824841507274
1076,2016,51066.919051570694
121,2016,50841.81233763667
900,2015,50767.9747101056
766,2016,50719.920599472694
548,2016,50651.992215898754
606,2016,50649.069741673746
315,2016,50597.562086116646
620,2015,50592.66790756375
835,2016,50478.65786520043
239,2016,50433.65505244197
1053,2016,50432.27278161655
869,2016,50429.72841443759
737,2016,50397.07210246493
432,2016,50377.13758478995
219,2016,50241.744385657345
701,2015,50228.770263680555
841,2015,50193.70143192761
183,2015,50151.056118423185
63,2016,49934.02502933235
861,2016,49900.683642757125
204,2015,49878.88240694925
365,2016,49877.77866696923
893,2016,49674.24823878072
232,2014,49637.34124785991
500,2016,49573.509770380406
542,2015,49550.62885818047
915,2016,49458.39534197883
142,2016,49421.13944390345
426,2016,49386.56894060551
460,2016,49352.47947966115
160,2016,49268.112712461465
803,2016,49235.145746236034
48,2016,49210.55459070908
916,2016,49161.74351070327
329,2016,49109.47635441095
874,2016,49025.35927372326
1063,2016,48985.931927840706
186,2016,48912.71689075471
134,2015,48861.31357956297
294,2016,48789.26017234138
604,2015,48763.74742395628
447,2016,48658.99663659062
680,2016,48639.11880392434
10,2016,48604.243109302464
883,2016,48527.64464396547
501,2015,48412.40896154778
1049,2015,48213.599233355446
764,2014,48118.056421321504
181,2016,47928.84955572453
530,2016,47604.86100355315
550,2016,47576.73248803057
219,2015,47396.1828668043
858,2015,47260.56101129636
373,2016,47142.13443676988
413,2015,47037.72435344325
517,2016,46924.9346671457
198,2014,46796.28834312261
1077,2016,46734.18200007837
1068,2016,46683.10745616362
924,2016,46642.71335375274
639,2016,46635.833753976745
795,2016,46634.82456264152
364,2016,46633.08263586574
222,2016,46615.86010782651
473,2016,46510.888334175565
46,2015,46454.81745011587
172,2015,46349.769318188264
1041,2015,46070.02536068272
490,2015,45953.91814080037
619,2014,45840.43842580111
569,2016,45810.74065847738
862,2016,45801.53797620994
879,2016,45783.27388101966
915,2015,45702.674506452735
970,2016,45629.844985233656
1095,2016,45439.441574083474
1013,2016,45434.66926183384
972,2016,45429.22087729993
514,2016,45326.43971528795
557,2016,45170.07900432342
55,2016,45038.47237245248
288,2015,45007.629662100764
558,2016,44899.96614887291
889,2016,44701.276201751214
263,2015,44623.400298204135
584,2016,44584.39820168684
743,2016,44574.12856380503
136,2015,44527.090807821674
201,2016,44253.91292808124
992,2016,44182.444305099125
772,2016,43935.62362159556
330,2016,43875.732470576666
897,2016,43868.52016421304
212,2016,43845.790662921
1083,2016,43800.99550343997
463,2016,43769.228510241075
864,2016,43670.59027453716
953,2016,43668.50843430474
712,2015,43494.57071999814
1065,2015,43488.029291991494
917,2016,43397.588419574175
466,2016,43345.79612335612
660,2015,43239.870863195625
766,2015,43186.80028635339
943,2016,43175.93332988243
488,2016,43070.142791759434
989,2015,43052.39784220812
993,2016,42961.04909552039
1087,2016,42912.39910951669
1107,2015,42897.691792131875
244,2016,42862.98247464147
904,2015,42500.58821027205
345,2016,42380.25295174606
317,2015,42269.71164312657
457,2016,42176.7003776012
220,2016,42147.59264787344
623,2016,41888.4036788764
348,2015,41887.80174547334
573,2016,41859.67308964338
625,2016,41840.01429525813
969,2016,41827.275368456234
656,2016,41785.47277751682
441,2016,41731.887079713866
777,2016,41730.12289686033
520,2016,41700.4872639511
196,2016,41633.180562815985
232,2016,41261.54367598509
1103,2016,41243.319769000664
404,2016,41029.15520277877
710,2015,40986.7116161132
542,2016,40976.777488537715
794,2016,40923.299433219865
117,2016,40842.20375823161
540,2015,40793.120513705144
1056,2015,40367.1035460174
22,2015,40049.69338120379
1109,2015,39979.25467353031
719,2015,39590.00214436571
438,2016,39549.702930858395
609,2016,39486.276718889385
844,2016,39047.16295871418
873,2016,38963.90028412947
183,2016,38753.792568748046
642,2016,38730.60697535047
841,2016,38634.40618443229
83,2016,38462.540221935385
559,2016,38375.51505274693
399,2016,38369.99504347816
811,2016,38336.440295184315
577,2016,38312.27877920251
95,2016,38235.15976812292
607,2016,38098.63328205201
161,2016,38089.5551340573
1,2016,37933.97732430852
286,2016,37508.22738776183
688,2016,37463.24015018686
186,2015,37382.149496331585
543,2016,37346.811940834865
687,2016,37164.697590698386
89,2015,37132.35392694123
583,2016,37013.770121014895
435,2016,36840.47111958574
395,2016,36715.5614792552
884,2016,36709.573295968265
379,2016,36606.232134877595
13,2015,36459.02572730173
23,2016,36414.33030444716
44,2016,36144.07677259528
886,2016,35917.180200906434
531,2016,35875.88953686682
885,2016,35802.22250223192
498,2015,35575.29458401203
241,2016,35440.13801016981
356,2016,35380.40246231782
265,2016,35179.974528391176
306,2015,35101.54294297458
204,2016,34870.08772213402
946,2016,34649.05155491478
284,2015,34479.528286001754
833,2016,34081.34106700065
549,2016,33954.83173524612
839,2016,33872.64559382711
348,2016,33547.18014205702
825,2015,33372.19837798324
786,2016,33241.86441074914
610,2016,33201.932519872404
28,2016,32421.69092749048
41,2015,32404.299145253917
86,2016,32340.999757873906
282,2016,32336.664941794843
89,2016,31827.267242463524
945,2016,31775.12196488793
208,2016,31641.724489060874
703,2016,31639.077416745822
619,2016,31418.47511728276
797,2015,31079.787321688655
646,2015,30901.084938848682
702,2015,30558.423773303533
778,2015,29936.61033895888
774,2016,29404.765493907158
476,2016,29393.331638592314
165,2015,29324.79000589701
538,2016,28966.73131203566
547,2015,28837.791977779205
73,2016,28249.23481688555
307,2016,27759.688349534918
32,2015,27100.995816717903
98,2016,26791.032311003677
72,2016,25574.995453838972
452,2016,24341.504539197045
619,2015,24198.386909038614
181,2015,24010.403854503016
505,2016,23227.766247866264
124,2016,22673.880666506153
573,2015,22541.261813994384
91,2016,22508.28167212707
149,2015,22468.258440465852
750,2015,21843.889367074542
910,2016,20728.850062349735
749,2016,20401.053358401143
99,2015,18892.656489853754
